dates,ACO_155106,AMBAR_151211,ANDAJES_155201,CAJATAMBO_000540,CHIQUIAN_000538,GORGOR_151208,LAGUNA SURASACA_155206,MAYORARCA_150903,OCROS_155105,OYON_000541,PAMPA LIBRE_155107,PACHACOTO_155414,QUEROCOCHA_000429,SHACAYPAMPA_155411
1970-01-01,94.6,NA,147.7,NA,145.2,NA,NA,NA,NA,116.8,NA,113,212.8,111.9
1970-02-01,8.8,NA,43.2,NA,91.2,NA,NA,NA,NA,52.1,NA,89.3,129.5,46.2
1970-03-01,25.7,NA,88.7,NA,114.7,NA,NA,NA,NA,102,NA,83.8,105.2,90.8
1970-04-01,17.7,NA,53.8,NA,100.4,NA,NA,NA,11.3,72.5,NA,75.9,135.3,85.7
1970-05-01,10.1,NA,16.9,NA,44.3,NA,NA,NA,3.3,23,NA,36.5,72.6,42.5
1970-06-01,0,NA,0.3,NA,6.1,NA,NA,NA,1.7,2.1,NA,0,NA,0
1970-07-01,0,NA,0.5,NA,0.4,NA,NA,NA,0,4.8,NA,0,12.5,0
1970-08-01,0,NA,0.2,NA,5.4,NA,NA,NA,0,7.3,NA,4.9,7.5,7.3
1970-09-01,9,NA,32.1,NA,68.1,NA,NA,NA,0,53,NA,84.5,109.1,58.9
1970-10-01,0.3,NA,32.3,NA,69.2,NA,NA,NA,10.1,59.4,NA,40.7,123.5,60.2
1970-11-01,8.8,NA,35.9,NA,65.3,NA,NA,NA,12.2,42.8,NA,59,108,73.4
1970-12-01,9.8,NA,68,NA,133.6,NA,NA,NA,6.8,103.570491803279,NA,56.4,191.4,131.2
1971-01-01,29.5,NA,59.5,NA,76,NA,NA,NA,17.2,93.2032786885246,NA,59,149.8,61.1
1971-02-01,29.9,NA,122.1,NA,150.8,NA,NA,NA,47.5,121.1,NA,117.3,170.9,138.6
1971-03-01,39.7,NA,169,NA,185.6,NA,NA,NA,84.4,154.1,NA,133.7,240,153.1
1971-04-01,11.9,NA,26.6,NA,44.4,NA,NA,NA,21.1,39.5593220338983,NA,27.9,87,38.3
1971-05-01,0,NA,0,NA,6.1,NA,NA,NA,2.1,4.47213114754098,NA,0,31.2,7.3
1971-06-01,0,NA,NA,NA,0.5,NA,NA,NA,0,1.42372881355932,NA,0,27,0
1971-07-01,0,NA,NA,NA,0,NA,NA,NA,0,0.304918032786885,NA,0,6.7,0
1971-08-01,0,NA,NA,NA,48.2,NA,NA,NA,0,16.1606557377049,NA,16.5,49.6,29.8
1971-09-01,0,NA,0.2,NA,17.4,NA,NA,NA,0,5,NA,0,38.8,9.7
1971-10-01,7.3,NA,18.2,NA,42.1,NA,NA,NA,7.7,45.6360655737705,NA,25,97.7,24.9
1971-11-01,5.4,NA,7.9,NA,20.5,NA,NA,NA,5,46.3,NA,56.5,74.4,49.8
1971-12-01,13.5,NA,65.8,NA,120.2,NA,NA,NA,24.3,111.803278688525,NA,91.2,174.2,108.1
1972-01-01,41.4,NA,109.1,NA,NA,NA,NA,NA,64.8,88.2,NA,69.8,161.4,90
1972-02-01,34.6,NA,86,NA,135.536842105263,NA,NA,NA,87.6,72.7,NA,52.9,164.4,128.8
1972-03-01,156.8,NA,250.9,NA,NA,NA,NA,NA,204.9,203.9,NA,338.4,252.4,287.1
1972-04-01,7.4,NA,51.1,NA,NA,NA,NA,NA,18.7,93.5593220338983,NA,45.5,NA,104.4
1972-05-01,0,NA,0,NA,NA,NA,NA,NA,0,0.101639344262295,NA,6.1,54.8,14.6
1972-06-01,0,NA,0,NA,NA,NA,NA,NA,0,0,NA,0,16.7,0
1972-07-01,0,NA,NA,NA,NA,NA,NA,NA,1.5,0,NA,0,0.5,0
1972-08-01,0,NA,NA,NA,NA,NA,NA,NA,0,11.8918032786885,NA,6.1,14.8,7.7
1972-09-01,0,NA,NA,NA,NA,NA,NA,NA,1.3,31.5,NA,6.6,28,9.7
1972-10-01,4.3,NA,16.872131147541,NA,NA,NA,NA,NA,5.6,38.2,NA,21.9,49.3,20
1972-11-01,3.4,NA,NA,NA,NA,NA,NA,NA,14.8,32.5,NA,27.3,46.9,15.2
1972-12-01,25.6,NA,61.7,NA,87.0254545454546,NA,NA,NA,54.6,55.5,NA,57.3,109,48.6
1973-01-01,44.7,NA,141.4,NA,244.9,NA,NA,NA,110.2,117.901639344262,NA,89.4,145.2,86.3
1973-02-01,28.5,NA,105.4,NA,183,NA,NA,NA,30.3,101.8,NA,86.4,189,122.2
1973-03-01,34.7,NA,144.1,NA,217.9,NA,NA,NA,74.9,116.3,NA,122.1,176.4,143.9
1973-04-01,12.4,NA,77.6,NA,128.4,NA,NA,NA,18,94.8,NA,100.9,135.5,97.2
1973-05-01,0,NA,23,NA,13.9,NA,NA,NA,7.2,45.3311475409836,NA,24.3,28.5,41.9
1973-06-01,0,NA,0,NA,0,NA,NA,NA,0,1.32203389830508,NA,2.4,20.4,41.9
1973-07-01,1.3,NA,6.7,NA,0,NA,NA,NA,1.4,6.91147540983606,NA,0,3.1,0
1973-08-01,4,NA,3.7,NA,7,NA,NA,NA,1.5,9.14754098360656,NA,3,18.5,0
1973-09-01,5,NA,21.8,NA,44.8,NA,NA,NA,7.1,48.2033898305085,NA,43.1,67.4,42.6
1973-10-01,14.5,NA,54.7,NA,78.6,NA,NA,NA,12.8,26.3245901639344,NA,80.8,174.3,145.9
1973-11-01,4.5,NA,16.5,NA,91.7,NA,NA,NA,3.1,44.5423728813559,NA,122.1,100.9,98.3
1973-12-01,24.9,NA,94.9,NA,125.1,NA,NA,NA,44.3,134.5,NA,127,184.4,127.6
1974-01-01,21.4,NA,52.1,NA,126.9,NA,NA,NA,45.8,83.8,NA,140.4,206.3,161.9
1974-02-01,68.4,NA,136.8,NA,209.5,NA,NA,NA,88.2,119.6,NA,229.2,247.1,128.8
1974-03-01,28.6,NA,95,NA,137.4,NA,NA,NA,15.8,109.567213114754,NA,189,200.3,145.9
1974-04-01,3.7,NA,14.1,NA,37.9,NA,NA,NA,5,32.3,NA,37.7,109.7,65
1974-05-01,0,NA,1.8,NA,0,NA,NA,NA,0,3.76065573770492,NA,0,13.9,0
1974-06-01,0,NA,0.2,NA,9.2,NA,NA,NA,0,5.1,NA,0,29.3,0
1974-07-01,0,NA,0,NA,0,NA,NA,NA,0,2.1,NA,0,4.1,0
1974-08-01,0,NA,1.3,NA,0,NA,NA,NA,0,26,NA,0,8.2,0
1974-09-01,0,NA,0.9,NA,NA,NA,NA,NA,0,3.6,NA,0,60.6,0
1974-10-01,0,NA,15.7,NA,NA,NA,NA,NA,3.1,13.5,NA,3,69.3,16.4
1974-11-01,0.2,NA,22.3,NA,NA,NA,NA,NA,0,34.9,NA,17,66.8,28.6
1974-12-01,7,NA,20.5,NA,NA,NA,NA,NA,4,41.7,NA,35.2,86.7,52.3
1975-01-01,19.1,NA,133.7,NA,NA,NA,NA,NA,64.5,127.4,NA,109.4,160.3,62.6
1975-02-01,29.9,NA,96.2,NA,NA,NA,NA,NA,62.1,76.9,NA,122.1,NA,109
1975-03-01,66.6,NA,159.5,NA,NA,NA,NA,NA,158.5,165.7,NA,136.1,236,135.5
1975-04-01,2.6,NA,35.7,NA,NA,NA,NA,NA,4.1,44.3,NA,69.9,118.2,24.3
1975-05-01,0,NA,16.6,NA,NA,NA,NA,NA,0,36.8,NA,55.9,87.8,22.5
1975-06-01,0.6,NA,6.5,NA,NA,NA,NA,NA,0,0,NA,0,15.5,0
1975-07-01,0,NA,0,NA,NA,NA,NA,NA,0,0,NA,0,5.9,0
1975-08-01,1.2,NA,3.9,NA,NA,NA,NA,NA,0.1,8.3,NA,10.9,NA,21.9
1975-09-01,0,NA,2,NA,NA,NA,NA,NA,0,29.5,NA,18.8,59.1,10.3
1975-10-01,3.8,NA,20.9,NA,NA,NA,NA,NA,4.7,31.8,NA,36.4,70.4,73.6
1975-11-01,0,NA,19.9,NA,NA,NA,NA,NA,7.6,40.5762711864407,NA,21.9,67.8,21.3
1975-12-01,14.9,NA,33.7,NA,NA,NA,NA,NA,13,16.6688524590164,NA,63.8,165.9,81.4
1976-01-01,57.8,NA,135.2,NA,NA,NA,NA,NA,72.4,125.3,NA,114.2,185.9,122.7
1976-02-01,36.1,NA,133.6,NA,NA,NA,NA,NA,80.8,114.5,NA,113,202.6,151
1976-03-01,27,NA,99.1,NA,NA,NA,NA,NA,41.8,115.970491803279,NA,103.9,179.5,58.3
1976-04-01,8.5,NA,16.6,NA,NA,NA,NA,NA,8.9,37.5254237288136,NA,46.2,69.7,74.1
1976-05-01,0,NA,1,NA,NA,NA,NA,NA,0,5.59016393442623,NA,24.9,27.5,20.7
1976-06-01,0,NA,6.6,NA,NA,NA,NA,NA,7.4,7.9,NA,0,20.2,24.9
1976-07-01,0,NA,0,NA,NA,NA,NA,NA,0,2.7,NA,0,3.4,0
1976-08-01,0,NA,0.6,NA,NA,NA,NA,NA,0,10.3,NA,0,9.2,0
1976-09-01,0,NA,9.4,NA,NA,NA,NA,NA,0,13.728813559322,NA,3.6,29.6,0
1976-10-01,0,NA,0,NA,NA,NA,NA,NA,0,5.6,NA,0,15.9,0
1976-11-01,0,NA,0,NA,NA,NA,NA,NA,0,19.1186440677966,NA,0,36.9,0
1976-12-01,7.6,NA,34.9639344262295,NA,44,NA,NA,NA,19.7,69,NA,37.1,73.6,69.3
1977-01-01,23.7,NA,NA,NA,83.9,NA,NA,NA,33,68,NA,145.8,160.2,151.3
1977-02-01,79.6,NA,102.5,NA,181.7,NA,NA,NA,137.3,113.12,NA,127.6,NA,164.6
1977-03-01,20.3,NA,103.8,NA,108.7,NA,NA,NA,62.4,49.2950819672131,NA,144,107.3,117.3
1977-04-01,1.5,NA,13.7,NA,9,NA,NA,NA,0,38.7931034482759,NA,24.9,114.3,80.2
1977-05-01,0,NA,15.2,NA,14.9,NA,NA,NA,0,46.2,NA,2.4,46.7,0
1977-06-01,0,NA,0,NA,0,NA,NA,NA,0,0.8,NA,5.5,8.4,0
1977-07-01,0,NA,0,NA,3,NA,NA,NA,0,1.7,NA,0,10.3,0
1977-08-01,0,NA,0,NA,0,NA,NA,NA,0,0.7,NA,0,2.3,0
1977-09-01,0.8,NA,5.8,NA,10,NA,NA,NA,0,17.8,NA,0,35.4,12.8
1977-10-01,0,NA,2.7,NA,12.9,NA,NA,NA,0,14.2,NA,35.3,49.6,32.2
1977-11-01,2.1,NA,35.5932203389831,NA,71.6,NA,NA,NA,0,85.6,NA,126.9,237.3,59.5
1977-12-01,2.9,NA,NA,NA,95.4,NA,NA,NA,9.3,72.3,NA,44.4,141.4,141.6
1978-01-01,9.9,NA,56.5,NA,66.5,NA,NA,NA,1.6,39.4,NA,58.3,NA,74.1
1978-02-01,18.7,NA,104.4,NA,131.7,NA,NA,NA,29.5,114.6,NA,100.2,229.4,106.3
1978-03-01,27.6,NA,38.6,NA,69.6229508196721,NA,NA,NA,47.1,50.1,NA,14.6,108.4,18.8
1978-04-01,3.2,NA,18.2,NA,30.7,NA,NA,NA,0.5,28.7796610169492,NA,26.2,53.6,24.3
1978-05-01,0,NA,0,NA,0,NA,NA,NA,0,3.86229508196721,NA,0,38.3,4.9
1978-06-01,0,NA,0,NA,0,NA,NA,NA,0,0,NA,0,0,0
1978-07-01,0,NA,1.93114754098361,NA,14,NA,NA,NA,0,5.69180327868853,NA,0,22.2,0
1978-08-01,0,NA,NA,NA,4,NA,NA,NA,0,2.84590163934426,NA,0,4.2,0
1978-09-01,0,NA,4.3728813559322,NA,22.9,NA,NA,NA,0,33.6,NA,17.6,NA,36.5
1978-10-01,0,NA,NA,NA,33.4,NA,NA,NA,0.8,44.3,NA,23.7,NA,41.3
1978-11-01,3.5,NA,36.4,NA,57,NA,NA,NA,0.5,44.8474576271186,NA,76.6,NA,49.2
1978-12-01,6.6,NA,47.1606557377049,NA,46.5,NA,NA,NA,7.6,28.2,NA,48,73.3,45
1979-01-01,1.9,NA,NA,NA,42.9,NA,NA,NA,3.4,48.3,NA,47.6,96,34
1979-02-01,8.5,NA,NA,NA,128.901818181818,NA,NA,NA,11.3,95.4,NA,104.7,211.2,105.8
1979-03-01,74.1,NA,NA,NA,215.4,NA,NA,NA,96.9,106.7,NA,281,196.1,154.3
1979-04-01,4.2,NA,NA,NA,48.2,NA,NA,NA,0,57.1,NA,4.3,131.3,49.8
1979-05-01,0,NA,NA,NA,0,NA,NA,NA,0,7.2,NA,24.3,38.7,29.2
1979-06-01,0,NA,NA,NA,0,NA,NA,NA,0,0,NA,0,0.5,0
1979-07-01,0,NA,0,NA,0,NA,NA,NA,0,0,NA,0,0.1,0
1979-08-01,0,NA,NA,NA,0,NA,NA,NA,0,0,NA,0,7.8,0
1979-09-01,0,NA,NA,NA,0,NA,NA,NA,0,10.8813559322034,NA,2.4,51.8,7.9
1979-10-01,1,NA,NA,NA,6.5,NA,NA,NA,20,18.1866666666667,NA,0,33.5,0
1979-11-01,0.6,NA,NA,NA,0,NA,NA,NA,0,16.5,NA,6.7,62.4,32.2
1979-12-01,0,NA,NA,NA,0,NA,NA,NA,9.9,12.9081967213115,NA,27.3,93.3,46.2
1980-01-01,19,NA,NA,NA,29,88.7,NA,NA,41.6,71.5,NA,130.1,143.9,115.5
1980-02-01,0,NA,NA,NA,NA,21.5,NA,NA,9.8,62.6,NA,7.9,138.5,14
1980-03-01,8.6,NA,NA,NA,NA,79.66,NA,NA,16.8,80.5,NA,62.6,147.7,164
1980-04-01,0,NA,NA,NA,NA,20.1,NA,NA,3.6,8.1,NA,21.9,66.3,34.6
1980-05-01,0,NA,0,NA,NA,0,NA,NA,0,4.8,NA,0,25.5,4.2
1980-06-01,0,NA,0,NA,NA,0,NA,NA,0,1.2,NA,0,3.7,0
1980-07-01,0,NA,0,NA,NA,0,NA,NA,0,0.813114754098361,NA,0,4.2,0
1980-08-01,0,NA,NA,NA,NA,0,NA,NA,0.1,0,NA,0,27.7,1.8
1980-09-01,0,NA,NA,NA,NA,0,NA,NA,0,3.35593220338983,NA,0,15.2,0
1980-10-01,14.4,NA,NA,NA,NA,81.8,NA,0,46.4,104.688524590164,NA,47.4,146.2,91.1
1980-11-01,4.8,NA,NA,NA,NA,70.48,NA,0,13.2,64.1694915254237,NA,68,170,99.6
1980-12-01,8.4,NA,NA,NA,NA,49.2239344262295,NA,NA,0,73.3836065573771,NA,70.4,153.6,105.1
1981-01-01,27.1,NA,NA,NA,NA,123.898360655738,NA,12.2,31,94.4229508196721,NA,149.4,187.8,108.1
1981-02-01,55.1,NA,NA,NA,NA,183.883636363636,NA,132.4,109.1,156.4,NA,193.8,200,145.8
1981-03-01,46.4,NA,NA,NA,NA,203.583606557377,NA,188.7,38.2,108.754098360656,NA,139.8,217.6,140.5
1981-04-01,14.6,NA,NA,NA,NA,0,NA,8.9,19.7,0,NA,16.4,52.4,41.7
1981-05-01,0,NA,NA,NA,NA,0,NA,0,0,0,NA,0,18.4,0
1981-06-01,0,NA,0,NA,NA,0,NA,0,0,0,NA,0,2.6,0
1981-07-01,0,NA,0,NA,NA,0,NA,NA,0,0,NA,0,3,0
1981-08-01,0,NA,NA,NA,NA,0,NA,NA,0,7.31803278688525,NA,9.1,30.8,17
1981-09-01,0,NA,NA,NA,NA,0,NA,NA,0,0,NA,9.1,7.4,9.7
1981-10-01,0,NA,NA,NA,NA,42.5868852459016,NA,NA,38.2,58.1377049180328,NA,39.5,118.3,52.2
1981-11-01,5,NA,NA,NA,NA,64.5762711864407,NA,NA,36.6,61.7,NA,34,202.9,94.8
1981-12-01,14.5,NA,NA,NA,NA,NA,NA,NA,23.2,113.327868852459,NA,103.9,151.2,105.1
1982-01-01,21.4459016393443,NA,NA,NA,NA,104.1,NA,NA,45.4,88.3,NA,126.9,257.8,42.5
1982-02-01,NA,NA,NA,NA,NA,99.2727272727273,NA,NA,33.2,153.2,NA,128.8,222.3,110.6
1982-03-01,18.2,NA,NA,NA,NA,100.419672131148,NA,NA,13,73.0786885245902,NA,108.8,141.9,107.4
1982-04-01,3.9,NA,NA,NA,NA,67.1186440677966,NA,NA,17.4,37.9322033898305,NA,30.4,65,33.4
1982-05-01,0,NA,NA,NA,NA,0,NA,NA,0,NA,NA,0,2.4,22.5
1982-06-01,0,NA,NA,NA,NA,0,NA,NA,0,0,NA,0,9.1,0
1982-07-01,NA,NA,NA,NA,NA,0,NA,NA,0,4.3,NA,0,9.7,0
1982-08-01,0,NA,NA,NA,NA,0,NA,NA,0,0,NA,0,4.8,0
1982-09-01,0,NA,NA,NA,NA,0,NA,NA,0,0,NA,0,37.3,0
1982-10-01,NA,NA,NA,NA,NA,43.4,NA,NA,18.2,57.5,NA,29.5,142.5,23.1
1982-11-01,NA,NA,NA,NA,NA,50.5423728813559,NA,NA,15.7,65.5,NA,85.6,175.1,110.7
1982-12-01,8.4,NA,NA,NA,NA,47.872131147541,NA,NA,33.1,105.3,NA,96.7,232.5,94.8
1983-01-01,7.3,NA,NA,NA,NA,72.672131147541,NA,NA,35.8,162.8,NA,126.5,213.1,42.5
1983-02-01,29.3,NA,NA,NA,NA,72.2909090909091,NA,NA,57.1,50.7,NA,21.3,47.5,113.1
1983-03-01,169.8,NA,NA,NA,NA,192.301639344262,NA,NA,223.1,180.2,NA,179.9,NA,124.5
1983-04-01,20.1,NA,NA,NA,NA,36.2033898305085,NA,NA,75.8,102.6,NA,69.9,NA,59.5
1983-05-01,0,NA,NA,NA,NA,0,NA,NA,0,0,NA,60.7,56.8,52.9
1983-06-01,0,NA,NA,NA,NA,0,NA,NA,0,0,NA,14,29.2,0
1983-07-01,0,NA,NA,NA,NA,0,NA,NA,0,0,NA,0,2.8,0
1983-08-01,0,NA,NA,NA,NA,0,NA,NA,0,0,NA,0,16,1.5
1983-09-01,0,NA,5.28813559322034,NA,NA,0,NA,NA,0,3.25423728813559,NA,3.6,42.2,6.1
1983-10-01,0.1,NA,NA,NA,NA,0,NA,NA,0,NA,NA,34,74.8,21.3
1983-11-01,14,NA,NA,NA,NA,25.8305084745763,NA,NA,21.1,NA,NA,21.9,72.7,49.8
1983-12-01,12.9,NA,NA,NA,NA,43.7049180327869,NA,NA,53.9,NA,NA,117.9,181.1,98.4
1984-01-01,18.6,NA,NA,NA,NA,103.570491803279,NA,NA,58.7,NA,22.8,72.1,146.3,118
1984-02-01,61.2,NA,NA,NA,NA,309.129824561404,NA,NA,201.6,NA,11.6,210.1,242.4,193.7
1984-03-01,50.9,NA,NA,NA,NA,244.239344262295,NA,NA,97.4,NA,22,230.9,299.2,205.7
1984-04-01,8.3,NA,NA,NA,NA,39.5,NA,NA,12.6,NA,8.6,127.2,85.7,98.7
1984-05-01,0.6,NA,NA,NA,NA,14.8,NA,NA,3.6,NA,0,54.1,74,27
1984-06-01,0,NA,5.5,NA,NA,0,NA,NA,0,NA,0,0,26.6,12.3
1984-07-01,0,NA,0,NA,NA,0,NA,NA,0,NA,0,0,15.6,10.7
1984-08-01,0,NA,NA,NA,NA,0,NA,NA,0,NA,0,0,0.2,0
1984-09-01,2.9,NA,NA,NA,NA,0,NA,NA,0,NA,0,14,55.8,21.2
1984-10-01,7.72459016393443,NA,NA,NA,NA,99.4,NA,NA,20.2,NA,0,80.3,102.8,79
1984-11-01,NA,NA,NA,NA,NA,158.1,NA,NA,0,NA,11.8,56,100.6,71.8
1984-12-01,NA,NA,NA,NA,NA,60.8,NA,NA,18.4,NA,13.1,81.6,99.7,61.4
1985-01-01,7.5,NA,25.2,NA,NA,56.5114754098361,NA,NA,0,NA,5.1,92,104.7,54.8
1985-02-01,23.2,NA,105.5,NA,NA,146.516363636364,NA,NA,76.4,NA,17.6,79,120.5,69
1985-03-01,69,NA,136.3,NA,NA,161.8,NA,NA,59.5,NA,35.3,71.7,152.6,133.7
1985-04-01,7.1,NA,30.8,NA,NA,73.3,NA,NA,7.4,NA,12.8,78.4,84.1,46.1
1985-05-01,3.1,NA,11.5,NA,NA,22.4,NA,NA,0,NA,0,21.9,74.8,28.6
1985-06-01,0,NA,4.8,NA,NA,0,NA,NA,0,NA,0,0,5,0
1985-07-01,0,NA,0.9,NA,NA,0,NA,NA,0,NA,0,0,2.2,0
1985-08-01,0,NA,0,NA,NA,0,NA,NA,0,NA,0,0,14,0
1985-09-01,0,NA,6.8,NA,NA,11.3,NA,NA,0,NA,0,35.9,107.8,49.2
1985-10-01,0,NA,9,NA,NA,0,NA,NA,0,NA,0,8.5,55.1,20.7
1985-11-01,0.4,NA,11,NA,NA,0,NA,NA,0,NA,0,11.5,100.7,26.1
1985-12-01,13.5,NA,59.4,NA,NA,63.6,NA,NA,18.8,NA,5.8,86.3,129.6,76.5
1986-01-01,27.6,NA,128.9,NA,NA,74.6,NA,NA,71.7,NA,17.3,162.9,144.4,65
1986-02-01,26.6,NA,100.3,NA,NA,128.4,NA,NA,59.6654545454545,NA,13.6,162.9,153,144.6
1986-03-01,42.2,NA,101.5,NA,NA,119.5,NA,NA,NA,NA,0,62.6,108.7,45.6
1986-04-01,5.9,NA,55.4,NA,NA,61,NA,NA,26.1,NA,3,59.5,119.3,74.8
1986-05-01,0.5,NA,22.6,NA,NA,0,NA,NA,0,NA,0,0,24.3,11.3
1986-06-01,0,NA,0,NA,NA,0,NA,NA,0,NA,0,0,0.6,0
1986-07-01,0,NA,0,NA,NA,0,NA,NA,0,3.5,0,1.2,8.2,0
1986-08-01,1.1,NA,4,NA,NA,0,NA,NA,0,7.2,0,0,17.8,0
1986-09-01,0,NA,2.2,NA,15.5,0,NA,NA,0,11.8983050847458,0,1.2,44.6,0
1986-10-01,0,NA,0,NA,3,0,NA,NA,0,10.6,0,0,37.6,8.5
1986-11-01,1.2,NA,7,NA,39.8,15.6,NA,NA,0,24.7,3,38.3,104.8,0
1986-12-01,10.9,NA,112.3,NA,154.8,51,NA,NA,9.9,65.8,7.9,48.6,166.9,86.3
1987-01-01,16.3639344262295,NA,103,NA,170.1,184,NA,NA,80.6,127.3,0.5,51.6,161.4,120.3
1987-02-01,NA,NA,105.6,NA,100.3,91.1,NA,NA,54.8,105.1,54.5,165.9,101,134.9
1987-03-01,NA,NA,46.1,NA,65.1,53.5,NA,NA,34.7,35.8,5.5,25.5,145.3,106.4
1987-04-01,NA,NA,22.7,NA,26.7,8.9,NA,NA,2.1,25.8,1,83.8,67,8.5
1987-05-01,NA,NA,1.7,NA,8.5,0,NA,NA,0,1.7,0,19.4,11.8,82.1
1987-06-01,NA,NA,0,NA,0,0,NA,0,0,0,0,0,6.8,0
1987-07-01,NA,NA,0,NA,4.54666666666667,0,NA,0,0,5.3,0,0,17.6,0
1987-08-01,NA,NA,2,NA,2.84590163934426,0,NA,0,0,3.6,0,0,17.7,0
1987-09-01,NA,NA,5.8,NA,NA,0,NA,0,0,14.9,0.1,0,36.9,7.9
1987-10-01,NA,NA,9,NA,5.8,0,NA,NA,0,19.6,0,34,78.9,38.3
1987-11-01,NA,NA,31.7,NA,48.3050847457627,24.5,NA,NA,5.7,90.2,3,21.9,129.9,96
1987-12-01,NA,NA,84.6,NA,NA,53.1,NA,NA,24.3,45.4,18,135,144.2,115.5
1988-01-01,NA,NA,82.4,NA,189,168.1,NA,67.2,49.8,104.7,28.5,137.9,228.9,110.7
1988-02-01,NA,NA,96.9719298245614,NA,58.5,93.2,NA,56.3,34.4947368421053,61.8,9.83928571428571,152.7,153.3,NA
1988-03-01,NA,NA,0,NA,100.7,0,NA,86.9,37.4,58.1,16,106.9,106.8,107
1988-04-01,NA,NA,NA,NA,125.389830508475,0,NA,30.6,27.5,72.9,6.5,175.4,115.2,103.3
1988-05-01,NA,NA,NA,NA,15.6524590163934,0,NA,4.1,20.4,12.6,0,29.2,36.5,9.5
1988-06-01,NA,NA,NA,NA,0.5,0,NA,0,0,0,0,0,9.2,1.8
1988-07-01,NA,NA,NA,NA,0,0,NA,NA,0,0,0,0,0,0
1988-08-01,NA,NA,NA,NA,1.6,0,NA,NA,0,0,0,0,16.6,8.5
1988-09-01,NA,NA,NA,NA,9.35593220338983,0,NA,NA,0,11.1,0,4.8,40.4,9.2
1988-10-01,NA,NA,NA,NA,41.2655737704918,0,NA,12.8,0,28.0524590163934,0,60.1,95.2,52.9
1988-11-01,NA,NA,NA,NA,33.5,66.2,NA,20.4,0,29.7,3,44.4,106.4,64.8
1988-12-01,NA,NA,NA,NA,69.2163934426229,167.7,NA,39.2,19.7,62.8131147540984,20.1,41.3,88.1,87.5
1989-01-01,NA,NA,NA,NA,214.7,250.2,NA,117.9,92.7,135.993442622951,53.1,60.8,158.4,93.6
1989-02-01,NA,NA,NA,NA,167.9,233,NA,113,149.8,95.6072727272727,27.7,142.8,199.1,136.7
1989-03-01,NA,NA,NA,NA,100.8,202.5,NA,169.4,78,109.7,35.9,142.8,206.8,187.8
1989-04-01,NA,NA,NA,NA,31.4,43.6,NA,134.9,8.3,46.5,16.5,102.1,126.7,105.8
1989-05-01,NA,NA,NA,NA,5.2,0,NA,31.3,0,22.5,0.7,75.4,21.8,59.5
1989-06-01,NA,NA,NA,NA,3.05084745762712,0,NA,0,0,3.7,0,0,12.8,0
1989-07-01,NA,NA,NA,NA,NA,0,NA,0,0,0,0,0,1.1,0
1989-08-01,NA,NA,NA,NA,0,0,NA,38.1,0,2,0,0,47.2,0
1989-09-01,NA,NA,NA,NA,3.05084745762712,0,NA,38.3,0,14.7,0,1.2,34,18.2
1989-10-01,NA,NA,NA,NA,32,48.8,NA,41.9,1.6,39.5,2.0327868852459,91.1,109.8,35.2
1989-11-01,NA,NA,NA,NA,11.6949152542373,0,NA,6.6,0,18.4,NA,18.8,42.2,55.9
1989-12-01,NA,NA,NA,NA,12.4,0,NA,55.2,0,7.6,0,0,63.3,0
1990-01-01,NA,NA,NA,NA,108.04262295082,78.1,NA,17.6,26.3,51.4,30.5,63.8,207.2,132.4
1990-02-01,NA,NA,NA,NA,42.7,33.5,NA,43.6,10.2,76,6,80.2,89.6,36.5
1990-03-01,NA,NA,21.6,NA,53.2,43.1,NA,58.6,53.4,59.4,16.9,63.8,94,46.8
1990-04-01,NA,NA,3.7,NA,21.5593220338983,0,NA,1,0,4.4,4.4,16.4,92.6,38.9
1990-05-01,NA,NA,0,NA,4,0,NA,9.8,7.6,8.5,0,0,14.5,5.5
1990-06-01,NA,NA,0,NA,0,0,NA,10.2,0,1,0,4.9,45.4,0
1990-07-01,NA,NA,0,NA,4,0,NA,0,0,0,0,0,10.3,0
1990-08-01,NA,NA,0,NA,0,3.2,NA,0,0,0,0,0,0.7,0
1990-09-01,NA,NA,3.2,NA,11.7966101694915,0,NA,3.2,0,1.5,0,5.5,23.9,0
1990-10-01,NA,NA,47.4,NA,123.173333333333,60.1,NA,71.9,6.6,139,13.6,99,133.8,107
1990-11-01,NA,NA,61.9,NA,72.7118644067797,97.4,NA,51.1,33,82.7,0,87.4,99.9,61
1990-12-01,NA,NA,48.1,NA,66.1672131147541,67.6,NA,34.4,24.5,113.3,18.7,39.5,75.7,0
1991-01-01,NA,NA,38.2,NA,82.9766666666667,54.9,NA,23.1,16.1,49.1,2.2,30.4,63.6,31.6
1991-02-01,NA,NA,60.8,NA,81.8,31.6,NA,53.5,20.7,146.2,13.1,82.1,87.6,0
1991-03-01,NA,NA,137.5,NA,145.9,133.8,NA,114.3,80.8,110.177049180328,48.5,119.7,110.6,156.2
1991-04-01,NA,NA,16.2,NA,73.3,41.7,NA,24.8,15.5,26.1509433962264,1,38.3,66.2,0
1991-05-01,NA,NA,5.8,NA,71.4,28.3,NA,8.1,0,0.9,0,37.7,33.6,152.5
1991-06-01,NA,NA,0.101694915254237,NA,0,54.8,NA,0,0,0,0,0,2.7,0
1991-07-01,NA,NA,1.1,NA,0,0,NA,0.7,0,0,0,0,3.6,0
1991-08-01,NA,NA,0,NA,2.54098360655738,0,NA,0,0,0,0,0,1.5,0
1991-09-01,NA,NA,7.1,NA,28.4,0,NA,0,0,0,0,0,18.6,0
1991-10-01,NA,NA,48,NA,68.2,0,NA,56.7,30.9,0,14.1,62,133.2,62
1991-11-01,NA,NA,35.2,NA,35.6949152542373,0,NA,13.3,13.7,14.3,3.4,0,85.8,0
1991-12-01,NA,NA,17.7,NA,62.1,0,NA,30.7,5.3,16.8,4.4,NA,86.6,0
1992-01-01,NA,NA,13.4,NA,7.7,0,NA,22,12.7,39.5,0,68.1,67.3,27.3
1992-02-01,NA,NA,12.6,NA,49.9,76.8,NA,27,15.4666666666667,23.8,2.1,31.6,67.5,NA
1992-03-01,NA,NA,50.2,NA,63.7,150.2,NA,80.2,38.1,48.7,15.3,54.7,NA,47.4
1992-04-01,NA,NA,35.6,NA,53.1864406779661,52.3,NA,13.6,5.8,23.5,1.6,48.6,68.5,51.6
1992-05-01,NA,NA,0.2,NA,7.44,22,NA,7.2,0,2.6,0,0,18.9,0
1992-06-01,NA,NA,0,NA,5,5.3,NA,0,0,3.4,0,6.1,32.6,20.7
1992-07-01,NA,NA,0,NA,0,0,NA,0,0,0,0,NA,1.1,0
1992-08-01,NA,NA,3.6,NA,17.7,0,NA,0,0,0.4,0,NA,15.1,0
1992-09-01,NA,NA,4,NA,0,10.8,NA,0,0,6.6,0,0,32.7,24.3
1992-10-01,NA,NA,18.2,NA,43,61.7,NA,53.7,11.3,19.9,3.8,36.4,112.2,52.3
1992-11-01,NA,NA,5.1,NA,18.5,0,NA,16.9,0,22.8,0.8,18.2,65.7,0
1992-12-01,NA,NA,8.9,NA,31,29.8,NA,6.5,29.8,17.3,1.4,0,23,0
1993-01-01,NA,NA,76.4,NA,190.6,82.1,NA,41.3,29.5,89.2,20.7,38.3,190.5,105.1
1993-02-01,NA,NA,89,NA,205.672727272727,51.9,NA,163.9,27.8,127.7,26.7,138.6,166.2,147
1993-03-01,NA,NA,144.1,NA,224.8,195.6,NA,270.1,158.9,147,33.2,134.5,215.7,232.8
1993-04-01,NA,NA,66.6,NA,181.6,94.3,NA,219.7,42.3,112.067796610169,4.7,135.8,147.2,193.2
1993-05-01,NA,NA,11.6,NA,17.9,0,NA,9.3,0,0.813114754098361,1,79.9,72.7,28.6
1993-06-01,NA,NA,0,NA,0,0,NA,0,0,0,0,15.2,14.2,0
1993-07-01,NA,NA,0.3,NA,4.5,0,NA,0,0,0,0,0,10.3,0
1993-08-01,NA,NA,0,NA,10,0,NA,0,3.4,0,0,0,8.7,0
1993-09-01,NA,NA,1.1,NA,12.2033898305085,0,NA,12.2,0,9,0,23.7,115.1,60.1
1993-10-01,NA,NA,33.9475409836066,NA,73.1803278688525,0,NA,100.6,12.9,84.4622950819672,6.2,39.4,139.3,58.3
1993-11-01,NA,NA,56.2,121.830508474576,129.3,0,NA,94.7,16,86.6440677966102,9.7,29.2,191.1,162.2
1993-12-01,NA,NA,64.1,116.7,90.0524590163934,0,NA,232.5,32,247.4,10.4,161.4,247.1,184
1994-01-01,NA,NA,97.5,179.3,203.990163934426,227.4,NA,209.7,43.9,129,28.1,105.5,185.3,165.3
1994-02-01,NA,NA,136.5,216.5,150.4,263.7,NA,149.8,50.4,127.3,39.1,136.4,193.9,112.4
1994-03-01,NA,NA,104.4,177.4,160.590163934426,149.6,NA,219.8,60.4,163.9,18.9,187.6,265.6,267.5
1994-04-01,NA,21.5,38.7,83.8,92.2,111.2,NA,81.8,14.1,110.5,18.3,43.7,159.7,151.4
1994-05-01,NA,3.6,8.2,1.7,26.1,0,NA,14.8,6.5,45.4,0.7,55.8,83.5,0
1994-06-01,NA,0,0,0,0,0,NA,0,0,1.7,0,0,6.7,0
1994-07-01,NA,0,0,0,0,0,NA,0,0,1.9,0,0,NA,0
1994-08-01,NA,0,0,0.5,4,0,NA,0,0,0.748275862068966,0,0,NA,0
1994-09-01,NA,1.8,11.3,10.1,39,0,NA,0,0,NA,0,0,27,0
1994-10-01,NA,1.2,0,8.8,7.8,7.5,NA,4.3,0,8.9,0.1,0,90.1,0
1994-11-01,NA,1.5,19.1,23.2,45.1,0,NA,45,7.7,56.8,0,0,65.9,0
1994-12-01,NA,18.9,42.7,73.6,94,98.7,NA,59.8,36.8,47.9,10.1,0,134.3,0
1995-01-01,NA,22.4,69.5,73.2,75.8,97.6,NA,137.4,36,73.3,22.7,NA,122.3,NA
1995-02-01,NA,22.2,33.9,52.2,111.5,132.7,NA,55.7,36,35.2,4.8,NA,36.8,NA
1995-03-01,NA,32.9,67.6,104.3,133.5,226.4,NA,126.3,25.2,140.1,14.2,NA,199.4,NA
1995-04-01,NA,7.3,39.3,56.6,79.5,21.2,NA,38.4,8.5,59.4,7,NA,90,NA
1995-05-01,NA,0,3.7,6.3,NA,0,NA,16.5,0,9,1.2,NA,62,NA
1995-06-01,NA,0,0,0,2.5,0,NA,0,0,5.1,0,NA,6.9,NA
1995-07-01,NA,0,0,0,0,0,NA,0,0,1.2,0,NA,8.1,NA
1995-08-01,NA,0,0,0,0,0,NA,0,0,4.4,0,NA,5.5,NA
1995-09-01,NA,0,0.5,3.1,9.3,7.2,NA,0,0,7.3,0,NA,NA,NA
1995-10-01,NA,10.4,7.8,7.5,21.3,14.2,NA,28.5,0,43.2,0.9,NA,NA,NA
1995-11-01,NA,3.3,44,47,72,49.3,NA,50.5,13.7,49.4,15.2,NA,NA,NA
1995-12-01,NA,2.1,59.5,126.6,104.6,92.2,NA,71.6,20.6,85.5,19,NA,NA,NA
1996-01-01,NA,37.6,99.3,109,118.6,171.5,NA,148.4,78.7,121.9,37,NA,NA,NA
1996-02-01,NA,44.4,134.4,125.9,205.5,172.8,NA,161,81.9,96.4,40.6,NA,NA,NA
1996-03-01,NA,83.2,105.1,143.9,144,214.2,NA,144.3,112.9,125,55.3,NA,NA,NA
1996-04-01,NA,16.3,30.6,39.2,65.8,87.8,NA,55.4,28.5,58.2,15.2,NA,NA,NA
1996-05-01,NA,0,0,8.5,11.5,26.5,NA,21.7,7.5,3.9,0,NA,NA,NA
1996-06-01,NA,0,0,0,0,0,NA,0,0,0,0,NA,NA,NA
1996-07-01,NA,0,0,0,0,0,NA,0,0,0,0,NA,NA,NA
1996-08-01,NA,0,0,4.2,1.63157894736842,0,NA,0,0,2,0,NA,NA,NA
1996-09-01,NA,0,0.4,0.6,1.5,0,NA,9.3,0,6.1,0,NA,NA,NA
1996-10-01,NA,0.7,12.7,35.3,37,15.2,NA,36.2,4.6,26.5,2.8,NA,NA,NA
1996-11-01,NA,1,13.7,20.6,41.5,5.7,NA,30.2,1.2,21.4,1.3,NA,NA,NA
1996-12-01,NA,9.3,43.5,76.5,76.9,74.8,NA,55.4,7.7,61.8,20.6327868852459,NA,NA,NA
1997-01-01,NA,17.6,66.9,108.5,83.7,91.5,NA,64.1,31.4,88.3,18,NA,NA,NA
1997-02-01,NA,31.6,78.3,168.2,174.9,108.1,NA,165.1,88.3,115.7,22.2,NA,NA,NA
1997-03-01,NA,27,16.7,55.7,58.8,45.9,NA,39.9,11.4,40.5,4.3,NA,NA,NA
1997-04-01,NA,10,0,25.7,51,32.9,NA,22.7,14.3,26.8,0.9,NA,NA,NA
1997-05-01,NA,4,0,4.5,6,0,NA,10.1,10.3,0,0,NA,NA,NA
1997-06-01,NA,0,0,0,0,0,NA,0,0,0,0,NA,NA,NA
1997-07-01,NA,0,0,0,0,0,NA,0,0,0,0,NA,NA,NA
1997-08-01,NA,0,0,0.4,2.8,0,NA,0,0,0,0,NA,NA,NA
1997-09-01,NA,0.3,0.7,15.9,28,8,NA,8.7,12.7,14,0,NA,NA,NA
1997-10-01,NA,0,13.8,25.4,27.8,11,NA,22.6,15.7,24.2,4.5,NA,NA,NA
1997-11-01,NA,24.5,42.3,63.6,46.7,128.2,NA,83.6,40.5,64.4,4.7,NA,NA,NA
1997-12-01,NA,49.6,107.7,233.9,164.3,181.6,NA,176.9,155.1,125.3,43.3,NA,NA,NA
1998-01-01,NA,89,185.1,162.7,230.1,251.8,NA,229.6,172,178.1,74.3,NA,NA,NA
1998-02-01,NA,81.8,122.8,179.5,179.7,307.6,NA,196.2,154.661818181818,112.3,45,NA,NA,NA
1998-03-01,NA,143.1,70.9,153.1,181.4,234.2,NA,154.7,195.9,123.3,88.9,NA,NA,NA
1998-04-01,NA,7.6,12.6,46.9,55.1,63.4,NA,70.2,0,20.9,0.7,NA,NA,NA
1998-05-01,NA,2.7,0,2.7,9.1,0,NA,0,0,2,0,NA,NA,NA
1998-06-01,NA,0,0,3.1,0,0,NA,0,0,2.5,0,NA,NA,NA
1998-07-01,NA,0,0,0,0,0,NA,0,0,0,0,NA,NA,NA
1998-08-01,NA,0,0,4.5,0,0,NA,0,0,0,0,NA,NA,NA
1998-09-01,NA,0.7,0,6,10.5,0,NA,3.4,9.1,11.9,0,NA,NA,NA
1998-10-01,NA,0,27.2,69.7,53.2,31.5,NA,66.4,3.1,58.5,2.6,NA,NA,NA
1998-11-01,NA,0,13.7,16.4,25.3,18.4,NA,8.4,4.2,33.6,0,NA,NA,NA
1998-12-01,NA,6.8,27.6,59.8,76,44.7,NA,38.7,14.6,32,8.2,NA,NA,NA
1999-01-01,NA,35.5,87.2,138,124.1,160.3,NA,123.8,37.7,101.6,36.5,NA,NA,NA
1999-02-01,NA,218.9,187.2,247.9,270.2,286.1,NA,254.4,251,193.2,88.3,NA,NA,NA
1999-03-01,NA,56.3,102.2,108.3,136,202.7,NA,116.4,65.2,85.7,13.3,NA,NA,NA
1999-04-01,NA,45,31.1,55.5,49.5,82.3,NA,52.6,57.9,52.6,12.6,NA,NA,NA
1999-05-01,NA,12.1,7,48.9,14.8,19.8,NA,34.5,20.5,38.5,13.4,NA,NA,NA
1999-06-01,NA,0,0.6,14.5,3.2,0,NA,15.6,0.8,0,0,NA,NA,NA
1999-07-01,NA,0,0,0,0,0,NA,3.5,0,4.2,0,NA,NA,NA
1999-08-01,NA,0,0,0.5,0,0,NA,0,0,0,0,NA,NA,NA
1999-09-01,NA,1.1,0.8,17.1,11.5,0,NA,12.4,8.6,31.9,0,NA,NA,NA
1999-10-01,NA,1.9,34.1,46.9,25.7,58.8,NA,41.7,18.8,57.1,3.3,NA,NA,NA
1999-11-01,NA,6,6.6,40.3,24,52.9,NA,73.1,3.9,50.3,0.5,NA,NA,NA
1999-12-01,NA,17.6,26.2,90.6,130.504918032787,121.4,NA,80.8,21.9,76.9,3.2,NA,NA,NA
2000-01-01,NA,60.2,107.4,149.8,92,123.4,NA,104.5,64.2,120.6,25.5,NA,NA,NA
2000-02-01,NA,87,108.8,187.6,207,187,NA,162.3,89.1,124,42,NA,NA,NA
2000-03-01,NA,35.3,99.3,138.7,149.3,85.2,NA,135.1,48.5,104.9,32.2,NA,NA,NA
2000-04-01,NA,6.5,53.2,64.7,49.7,46.5,NA,70.4,29.8,63.4,9.4,NA,NA,NA
2000-05-01,NA,0.9,21,23.9,41.5,20.6,NA,22.8,10.8,35.9,0,NA,NA,NA
2000-06-01,NA,0,0,0,0,0,NA,0,0,0.6,0,NA,NA,NA
2000-07-01,NA,0,0,1.4,0,0,NA,0,0,2.7,0,NA,NA,NA
2000-08-01,NA,0,0,10.7,16.3,0,NA,4.6,0,4.5,0,NA,NA,NA
2000-09-01,NA,0.9,0.5,13.6,14.5,0,NA,14.5,1.6,26.4,0,NA,NA,NA
2000-10-01,NA,2,7.6,41.5,70.9,35.8,NA,37.8,17.6,60.1,0,NA,NA,NA
2000-11-01,NA,1.5,14.8,29.8,22.5,40.6,NA,28.5,7.3,29.5,4.3,NA,NA,NA
2000-12-01,NA,21.9,132.2,151.7,137.9,150,NA,112.6,50,135.1,27.1,NA,NA,NA
2001-01-01,NA,61.6,169.7,166.3,229.7,174.5,NA,187.1,98,143.3,58.3,NA,NA,NA
2001-02-01,NA,71.6,70.8,114.3,139.9,122.3,NA,118.6,132,87,19.6,NA,NA,NA
2001-03-01,NA,74,143.5,250.4,266.1,291.3,NA,203.9,112.1,149.9,59.8,NA,NA,NA
2001-04-01,NA,14.7,36,41.2881355932203,46.3,0,NA,56.2,34.5,33.9,1.1,NA,NA,NA
2001-05-01,NA,0,6.2,8.3,6,18.9,NA,5.7,0,10.0622950819672,0,NA,NA,NA
2001-06-01,NA,0,0,1.3,0,0,NA,0,0,7.5,0,NA,NA,NA
2001-07-01,NA,0,0,0.3,2.5,0,NA,0,0,0,0,NA,NA,NA
2001-08-01,NA,0,0,0,0,0,NA,0,0,0,0,NA,NA,NA
2001-09-01,NA,0,1,14.5,37.2,0,NA,29.7,4.4,26.4,0,NA,NA,NA
2001-10-01,NA,0.4,12.9,39,59,37.7,NA,37.9,6.6,35.6,3.1,NA,NA,NA
2001-11-01,NA,14.135593220339,67.2,117.6,134.1,98.5,NA,94.7,21.9,104.9,17.6,NA,NA,NA
2001-12-01,NA,NA,28.7,66.4,96.5,37.5,NA,64.8,8.3,66,7.9,NA,NA,NA
2002-01-01,NA,4.1,19.1,51.5311475409836,68.3016393442623,69.3,NA,38.2,18.6,92,4,NA,NA,NA
2002-02-01,NA,104.3,87.3,110.2,177.774545454545,182.8,NA,95.3,64.8,65.1,13.7,NA,NA,NA
2002-03-01,NA,54.5,88.9,165.3,193.52131147541,180.8,NA,158,69.1,96.9,24.2,NA,NA,NA
2002-04-01,NA,21.8,64.9,95.8,103.7,96.5,NA,107.5,36.5,45.5,19.7,NA,NA,NA
2002-05-01,NA,0,1.2,6.3,12.7049180327869,12.4,NA,0,0,8.6,0,NA,NA,NA
2002-06-01,NA,0,0,7,0,0,NA,0,0,2.1,0,NA,NA,NA
2002-07-01,NA,0,0,0,0,0,NA,0,0,0,0,NA,NA,NA
2002-08-01,NA,0,0,0,0,0,NA,0,0,2.1,0,NA,NA,NA
2002-09-01,NA,5.1,46,15.6,15,15.3,NA,8.2,9.7,17.2,2.84745762711864,NA,NA,NA
2002-10-01,NA,4.37049180327869,31.3049180327869,65,108.5,64.8,NA,59.9672131147541,20.1,73.5,NA,NA,NA,NA
2002-11-01,NA,23.8,58.2,67.5,76.9,73.1,NA,89.2,23,73.9,21.1,NA,NA,NA
2002-12-01,NA,5.1,74.9,83.4,115.3,59.9,NA,80.1,20.7,93.1,6.3,NA,NA,NA
2003-01-01,NA,22,60.9,91.2,102,94.4,NA,95.7,48.6,89.7,8.2,NA,NA,NA
2003-02-01,NA,35.2,68.2,105.5,78.7,68.9,NA,106.2,39.3,96.3,21.8,NA,NA,NA
2003-03-01,NA,53,90.6,114.2,130.6,145.5,NA,130.3,81.1,121.7,23.1,NA,NA,NA
2003-04-01,NA,7.4,40.9,39.3,69,38.6,NA,45.2,14,37,9.9,NA,NA,NA
2003-05-01,NA,0,0,4.1,3.5,0,NA,0.3,0,0,0.2,NA,NA,NA
2003-06-01,NA,0,0,0,0,0,NA,0,0,0,0,NA,NA,NA
2003-07-01,NA,0,0,0,0,0,NA,1.2,0,0,0,NA,NA,NA
2003-08-01,NA,0,0,0,0,0,NA,0,0,1.3,0,NA,NA,NA
2003-09-01,NA,0,0,0,0,0,NA,0.1,0,11.3,0,NA,NA,NA
2003-10-01,NA,2.8,7.5,25.4,27.3,29.3,NA,22.7,4,15.8,1.5,NA,NA,NA
2003-11-01,NA,1.9,13.2,18.2,15.8,25.5,NA,12.6,3,8.7,7.8,NA,NA,NA
2003-12-01,NA,46.5,80.2,153.1,126.5,146,NA,114.5,56.5,87.7,22.9704918032787,NA,NA,NA
2004-01-01,NA,6.4,27.7,32.5,23.4,38.8,NA,29.9,24.4,36.3,NA,NA,NA,NA
2004-02-01,NA,42.8,46.2,155.3,72.5,85.2,NA,77.2,121.2,78.7,33.1719298245614,NA,NA,NA
2004-03-01,NA,44.9,59.8,86.2,107.6,NA,NA,73.8,42.1,57.4262295081967,NA,NA,NA,NA
2004-04-01,NA,14.9,27.7,45,37.3220338983051,NA,NA,43.1,8.2,NA,NA,NA,NA,NA
2004-05-01,NA,0,0,3.6,0,NA,NA,0,2.4,0,0.5,NA,NA,NA
2004-06-01,NA,0,0,0,6.5,NA,NA,1.2,0,6.8,0,NA,NA,NA
2004-07-01,NA,0,3.2,4.4,0,NA,NA,0.6,0,0,0,NA,NA,NA
2004-08-01,NA,0,0,0,0,NA,NA,0,0,0,0,NA,NA,NA
2004-09-01,NA,0,10.8,24,44.9,NA,NA,4.6,2.2,22.3,0.6,NA,NA,NA
2004-10-01,NA,6.3,14.8,63.6,50.3,NA,NA,38.1,9.3,56.4,13.2,NA,NA,NA
2004-11-01,NA,5.4,47.4,74.3,83.4,NA,NA,53.4,7.6,95.6,17.4,NA,NA,NA
2004-12-01,NA,37,62.8,95.5,118,NA,NA,62.1,36.3,96.6590163934426,19.5,NA,NA,NA
2005-01-01,NA,32.8,45.6,74.6,67,NA,NA,67,28,NA,11.2,NA,NA,NA
2005-02-01,NA,29.8,25,66.6909090909091,86.4436363636364,NA,NA,46.4,12,41.3381818181818,4.58181818181818,NA,NA,NA
2005-03-01,NA,36.4,84.8,124.1,172.3,NA,NA,98.3,30.4,105.6,15.4,NA,NA,NA
2005-04-01,NA,9.7,2.4,17,50.5,NA,NA,15,26.9,9.5,1.7,NA,NA,NA
2005-05-01,NA,0,0,2.2,8,NA,NA,2.2,0,4.1,0,NA,NA,NA
2005-06-01,NA,0,0,0,0,NA,NA,0,0,0,0,NA,NA,NA
2005-07-01,NA,0,0,0,0,NA,NA,0,0,0,0,NA,NA,NA
2005-08-01,NA,0,0,3,3.5,NA,NA,1.3,0,3.9,0,NA,NA,NA
2005-09-01,NA,0,0,0.6,0,NA,NA,0,0,0.5,0,NA,NA,NA
2005-10-01,NA,2,3.1,29.3,22,NA,NA,6.1,0,28,0,NA,NA,NA
2005-11-01,NA,0,4.1,12.2,15.5,NA,NA,17.8,4,23.8,0,NA,NA,NA
2005-12-01,NA,20.3,63.5,114.5,110.8,NA,NA,87,33.2,80.3,25.4,NA,NA,NA
2006-01-01,NA,43,80.8,120.4,97.4,NA,NA,85.5,59.7,70.9,16.4,NA,NA,NA
2006-02-01,NA,81.7,NA,174,138.6,NA,NA,111.7,50.8,124.3,41.4,NA,NA,NA
2006-03-01,NA,74.8,134.1,214.8,181.2,NA,NA,155.5,102,148.291803278689,36.7,NA,NA,NA
2006-04-01,NA,26.2372881355932,96.406779661017,118.4,99,NA,NA,66.8135593220339,37.3,92.5423728813559,28.4,NA,NA,NA
2006-05-01,NA,0,0,2.8,4.5,NA,NA,0,0,0.3,0,NA,NA,NA
2006-06-01,NA,0,1.4,5.4,4.5,NA,NA,0,0,11.5,1.2,NA,NA,NA
2006-07-01,NA,0,0,0,0,NA,NA,0,0,0,0,NA,NA,NA
2006-08-01,NA,0,3.7,3.9,0,NA,NA,5.8,0,6,0,NA,NA,NA
2006-09-01,NA,0.7,1.1,7.2,20.3389830508475,NA,NA,2.7,0,6.10169491525424,0,NA,NA,NA
2006-10-01,NA,0,5.99672131147541,26.1,31,NA,NA,13.9,8.1,35,0,NA,NA,NA
2006-11-01,NA,9.3,25.2203389830508,65.2881355932203,66,NA,NA,27.6,7.3,80.8,5.1,NA,NA,NA
2006-12-01,NA,30,94.9311475409836,124.5,138.4,NA,NA,69.1,37.9,92.3,18.8,NA,NA,NA
2007-01-01,NA,32.6,109,92.1,108.4,NA,NA,72.4,48.7,106.3,27.7,NA,NA,NA
2007-02-01,NA,27.3,85.5272727272727,77.1,53.5,NA,NA,55.9,31,77.4,25.9,NA,NA,NA
2007-03-01,NA,92.4,156.32131147541,177.4,157.2,NA,NA,145.6,114.2,148.5,52.9,NA,NA,NA
2007-04-01,NA,23.6,73.8,88.5,119.2,NA,NA,72.2,32.6,55.2,25.5,NA,NA,NA
2007-05-01,NA,0,0,25.2,20,NA,NA,14.2,4.5,36.6,0,NA,NA,NA
2007-06-01,NA,0,0,0,0,NA,NA,0,0,0,0,NA,NA,NA
2007-07-01,NA,0,0,0,0,NA,NA,0,0,0,0,NA,NA,NA
2007-08-01,NA,0,0,0.3,0,NA,NA,0,0,0,0,NA,NA,NA
2007-09-01,NA,0.1,0,0,0,NA,NA,0,0,6.7,0,NA,NA,NA
2007-10-01,NA,9.2,30.3,29.4,48.2,NA,NA,22.3,6.6,52.2,0,NA,NA,NA
2007-11-01,NA,1.3,0,33.6,16.7,NA,NA,10.3,3.6,44.9,0,NA,NA,NA
2007-12-01,NA,6.1,27,24.1,46.5,NA,NA,24.4,4.1,39.5,4.5,NA,NA,NA
2008-01-01,NA,81.3,100,141.6,197.986666666667,NA,NA,107.8,51.1,108.8,24.5,NA,NA,NA
2008-02-01,NA,76.9,159.6,171.8,148.8,NA,NA,109.9,72.2,136,35,NA,NA,NA
2008-03-01,NA,145.7,107.9,132.2,92.2,NA,NA,88.2,137.9,100.7,33.9,NA,NA,NA
2008-04-01,NA,27.6,35.2,51.6,71,NA,NA,21.8,19,49.9,7.1,NA,NA,NA
2008-05-01,NA,0,0,0.2,1,NA,NA,0,0,0,0,NA,NA,NA
2008-06-01,NA,0,0,0,0,NA,NA,6.5,1.6,5.2,0,NA,NA,NA
2008-07-01,NA,0,0,0,0,NA,NA,0,0,0,0,NA,NA,NA
2008-08-01,NA,0,0,3.2,0,NA,NA,0,0,0,0,NA,NA,NA
2008-09-01,NA,0,0,2.3,2,NA,NA,0,0,2.8,0,NA,NA,NA
2008-10-01,NA,0.5,26.8,65.2524590163934,55.5,NA,NA,27.4,2.8,59.6,0,NA,NA,NA
2008-11-01,NA,25.6,27.4,35.5,39,NA,NA,37.9,33.8,17.4,1.5,NA,NA,NA
2008-12-01,NA,11.6,56.1,87.9,43.5,NA,93.6,52.5,10.1,83.4,1.9,NA,NA,NA
2009-01-01,NA,90.6,113.7,158.2,112.1,NA,179.5,109.9,113.3,101,39.5,NA,NA,NA
2009-02-01,NA,137.9,126.4,184.1,177.6,NA,145.3,144.3,173.3,104.5,37,NA,NA,NA
2009-03-01,NA,63.9,160.4,229.9,162.8,NA,275.7,150.7,118.9,165.3,54.5,NA,NA,NA
2009-04-01,NA,29.7,71.5,80.8,105.8,NA,88.7,57.4,46.6,78.1,17.3,NA,NA,NA
2009-05-01,NA,0,0,9.6,21.5,NA,47.1,1.8,3.1,16.8,0.2,NA,NA,NA
2009-06-01,NA,0,0,0,0,NA,0,0,0,0,0,NA,NA,NA
2009-07-01,NA,0,0,0.9,0,NA,24.3,0,0,1.5,0,NA,NA,NA
2009-08-01,NA,0,0,2.7,0,NA,25.6,1.8,0,7.5,0,NA,NA,NA
2009-09-01,NA,0,0,3,0,NA,34.4,0,0,8.2,0,NA,NA,NA
2009-10-01,NA,2.1,73.1,59.7,14,NA,110.1,61.8,13,54.2,1.4,NA,NA,NA
2009-11-01,NA,10,87.4,76.9,46,NA,119.6,65.9,7.8,86.9,10.1,NA,NA,NA
2009-12-01,NA,12.6,51.5,94,93.2,NA,260.4,52,24.3,92.4,2.5,NA,NA,NA
2010-01-01,NA,3.1,96,89,77,NA,133.2,90.5,35,60.1,8,NA,NA,NA
2010-02-01,NA,61,45.9,102.7,91.4,NA,122.9,57.6,31,57.3,7.5,NA,NA,NA
2010-03-01,NA,37.6,85,122.3,103.6,NA,193,98.9,39.8,117,14.2,NA,NA,NA
2010-04-01,NA,19.7,37.5,36.5,47.2,NA,68.6,40.8,0,29.9,0.915254237288136,NA,NA,NA
2010-05-01,NA,1,0,0,0,NA,5.1,0.4,0,0,0.2,NA,NA,NA
2010-06-01,NA,0,0,0.5,4.5,NA,0,2.4,0,2.9,0,NA,NA,NA
2010-07-01,NA,0,0,0,0,NA,0,0,0,0,0,NA,NA,NA
2010-08-01,NA,0,0,0.3,0,NA,0,1.1,0,0,0,NA,NA,NA
2010-09-01,NA,1.1,3.4,29,19,NA,66.5,5.7,0,13.7,0.3,NA,NA,NA
2010-10-01,NA,0,7.5,8.7,24.5,NA,53.6,9.1,0,20.7,4.26885245901639,NA,NA,NA
2010-11-01,NA,6.5,27.8,56,42.4,NA,104.8,28.5,0,45.7,8.8,NA,NA,NA
2010-12-01,NA,24.2,134.4,181.2,136.8,NA,227.5,107.4,65.2,123.2,15.7,NA,NA,NA
2011-01-01,NA,40.7,163.1,163.6,146,NA,180,108.4,62.3,145.6,12.5,NA,NA,NA
2011-02-01,NA,25.4,84,92.4,57.5,NA,135.8,44,40.6,60.9,0,NA,NA,NA
2011-03-01,NA,36.4,61.1,149,131.4,NA,220.7,90.4,37.7,133.4,9.5,NA,NA,NA
2011-04-01,NA,25.8,48.6,102,97.5,NA,47.8,51.1,33.1,63.4,11.2,NA,NA,NA
2011-05-01,NA,0,0,0.6,0,NA,45.2,0,0,5.6,0,NA,NA,NA
2011-06-01,NA,0,0,0.7,0,NA,0,0,0,0.6,0,NA,NA,NA
2011-07-01,NA,0,0,3,0,NA,19.3,NA,0,NA,NA,NA,NA,NA
2011-08-01,NA,0,0,3.1,0,NA,11,0,0,0,0,NA,NA,NA
2011-09-01,NA,0,0.8,4.6,0,NA,38,0.2,0,6.4,0,NA,NA,NA
2011-10-01,NA,0.5,2.1,12.7,9,NA,48.5,0.6,0,22.4,0,NA,NA,NA
2011-11-01,NA,7.5,41.5,84,69.5,NA,115.8,35.3,16.8,79.7,13.2,NA,NA,NA
2011-12-01,NA,24.6,84.7,169.5,150.9,NA,211.4,111.2,45.1,129.9,13.3,NA,NA,NA
2012-01-01,NA,19.2,36.5,104.3,115.5,NA,126.3,69.2,22,80.4,0.9,NA,NA,NA
2012-02-01,NA,82.2,135.3,156.9,156.4,NA,211.5,101.3,113,134.6,35.5,NA,NA,NA
2012-03-01,NA,70.6,143.3,149.5,161.3,NA,190.2,104.9,123.1,91.5,24.6,NA,NA,NA
2012-04-01,NA,41.1,85,112.2,105.2,NA,158.2,81,53.9,113.9,16.4,NA,NA,NA
2012-05-01,NA,0,0,5.2,17,NA,35.6,5.7,0,1.8,0,NA,NA,NA
2012-06-01,NA,0,0,0.1,0,NA,0,0,0,2.7,0,NA,NA,NA
2012-07-01,NA,0,0,0,0,NA,10.4,0,0,0,0,NA,NA,NA
2012-08-01,NA,0,0,0,0,NA,0,0,0,0,0,NA,NA,NA
2012-09-01,NA,2.1,12.3,21.7,28,NA,73,15.3,5.5,34.1,0,NA,NA,NA
2012-10-01,NA,8.4,21.9,42.5,23.5,NA,92.6,19.6,30.8,35.2,0.7,NA,NA,NA
2012-11-01,NA,2.9,38.8,75.9,68.3,NA,111.3,44.7,14.3,46.5,1.1,NA,NA,NA
2012-12-01,NA,17.1,63.7,74.1,104.5,NA,176.1,54.2,28,89.3,0.9,NA,NA,NA
2013-01-01,NA,15.4,52.2,50.6,73,NA,133,48,13,55.8,2.2,NA,NA,NA
2013-02-01,NA,68.3,116.9,171.3,159,NA,140.2,134.5,141.1,88.4,24.4,NA,NA,NA
2013-03-01,NA,62.3,127.2,166.1,200.8,NA,171.4,157.1,144.7,115,25.6,NA,NA,NA
2013-04-01,NA,9.7,12.5,31.9,27.5,NA,36.4,20.7,3.2,21.6,0,NA,NA,NA
2013-05-01,NA,0.1,12,15.3,16,NA,36.8,1,2.6,17.5,1.5,NA,NA,NA
2013-06-01,NA,0,0,0,0,NA,11.7,0,0,0.4,0,NA,NA,NA
2013-07-01,NA,0,0,1.1,0,NA,0,0.7,0,2.6,0,NA,NA,NA
2013-08-01,NA,0,0,2.2,0,NA,15.2,0,0,8.5,0,NA,NA,NA
2013-09-01,NA,0,0,0.1,3,NA,20.8,0,0,1.4,0,NA,NA,NA
2013-10-01,NA,2.4,42.6,76.3,77.5,NA,113.3,62.8,20.5,80.6,2.2,NA,NA,NA
2013-11-01,NA,4.4,16.7,50.7,45.5,NA,76.2,24.7,3.7,49,0,NA,NA,NA
2013-12-01,NA,6.2,72.7,95.7,113.5,NA,135.9,62.8,10.6,75.5,0.3,NA,NA,NA
2014-01-01,NA,51.6,63.7,124.7,104.5,NA,191,87.5,29.3,95.1,3,NA,NA,NA
2014-02-01,NA,30,71.3,123.7,164.9,NA,208.8,76.8,39.4,125.3,12,NA,NA,NA
2014-03-01,NA,83.8,107.4,180.5,174.5,NA,169.1,156.5,76.4,133.5,4.2,NA,NA,NA
2014-04-01,NA,7.3,36.6,46.2,7,NA,68.1,35.7,15.2,29,0.4,NA,NA,NA
2014-05-01,NA,0,1,25.6,19.2,NA,39.5,16.9,0,19.6,0,NA,NA,NA
2014-06-01,NA,0,0,0,0,NA,0,0,0,0,0,NA,NA,NA
2014-07-01,NA,0,0,0,0,NA,13.3,0,0,0,0,NA,NA,NA
2014-08-01,NA,0,0,0.8,0,NA,20.8,2.1,0,1.8,0,NA,NA,NA
2014-09-01,NA,1.1,1.5,12.6,0,NA,56.2,14.9,1.6,15.5,0,NA,NA,NA
2014-10-01,NA,3.4,3.2,23.8,0,NA,88,15.6,0,50.6,4.4,NA,NA,NA
2014-11-01,NA,16.5,31,56.7,0,NA,65.8,32.9,27.6,37.9,0,NA,NA,NA
2014-12-01,NA,7.1,103.8,125,66.9,NA,134,107,46.8,135.1,9.2,NA,NA,NA
2015-01-01,NA,23.1,88.7,121.9,71.9,NA,161.8,96.7,72.5,102,5.8,NA,NA,NA
2015-02-01,NA,38.1,67.3,74.7,12.1,NA,135.6,78.8,74.3,62.5,10,NA,NA,NA
2015-03-01,NA,160.3,135.8,125.7,71.9,NA,201.9,255.2,172,69.5,34.9,NA,NA,NA
2015-04-01,NA,8.2,52.4,57.2,31,NA,111.7,132.1,37.4,48.9,1.2,NA,NA,NA
2015-05-01,NA,0,4.8,16.9,29.4,NA,62.3,55.7,0,6.6,0,NA,NA,NA
2015-06-01,NA,0,0,0.8,0,NA,4,9.1,0,3.4,0,NA,NA,NA
2015-07-01,NA,0,0,0.1,0,NA,0,0,0,0,0,NA,NA,NA
2015-08-01,NA,0,4.5,2.3,0,NA,9.3,4.9,0,7.7,0,NA,NA,NA
2015-09-01,NA,0,0,1.6,0,NA,10.3,1.2,3.2,2.8,0,NA,NA,NA
2015-10-01,NA,4.7,19.6,26.7,0,NA,67.6,28.5,3.8,22.6,0,NA,NA,NA
2015-11-01,NA,2.5,12.6,31.1,19,NA,126.2,114.3,7.1,50,0,NA,NA,NA
2015-12-01,NA,8.4,50.6,113,43,NA,156.8,234,49.7,82.8,0.4,NA,NA,NA
2016-01-01,NA,17.4,25.7,35.3,9,NA,50.1,56.4,14,25.8,6.1,NA,NA,NA
2016-02-01,NA,33.6,63.3,147,64.1,NA,135.5,222.6,55.8,94.4,11.8,NA,NA,NA
2016-03-01,NA,42.6,71.3,87.1,72,NA,152.9,194.8,50.5,88.3,6.1,NA,NA,NA
2016-04-01,NA,17.8,20.3,57.9,74.2,NA,80.5,88.7,20.2,36.7,0.4,NA,NA,NA
2016-05-01,NA,0,0,7.5,0,NA,14,11.2,0,1.1,0,NA,NA,NA
2016-06-01,NA,0,0,0.8,0,NA,16.4,0,0,1,0,NA,NA,NA
2016-07-01,NA,0,0,0,0,NA,9.8,0,0,1.6,0,NA,NA,NA
2016-08-01,NA,0,0,0.3,0,NA,2.2,0,0,4,0,NA,NA,NA
2016-09-01,NA,2.8,12,18.9,4,NA,60.5,8.6,7.2,15,0,NA,NA,NA
2016-10-01,NA,0,0,11.9,8.2,NA,66.3,5.7,0,29.4,0,NA,NA,NA
2016-11-01,NA,0,0,0,0,NA,3.7,0,0,5.6,0,NA,NA,NA
2016-12-01,NA,6.9,24.7,81.7,66.6,NA,133.6,93.1,40.8,84.9,4.4,NA,NA,NA
2017-01-01,NA,132.9,123.8,191.5,142.1,NA,198.6,183.4,127.9,130,29.3,NA,NA,NA
2017-02-01,NA,106.6,140,218.5,132.4,NA,178.3,279.9,164.2,128.3,44.7,NA,NA,NA
2017-03-01,NA,254.8,190.7,295.3,294.4,NA,246.9,465.3,259.9,181.4,94.5,NA,NA,NA
2017-04-01,NA,17.5,9,77.8,43.9,NA,123.6,82.9,18.2,60.5,1,NA,NA,NA
2017-05-01,NA,0,2,41.5,52.1,NA,47.3,43.9,0,32.6,2,NA,NA,NA
2017-06-01,NA,0,0,1.6,0,NA,0,3,0,0.4,0,NA,NA,NA
2017-07-01,NA,0,0,0,0,NA,0,0,0,0,0,NA,NA,NA
2017-08-01,NA,0,0,0.1,0,NA,5.6,0,0,2.7,0,NA,NA,NA
2017-09-01,NA,0,9.5,5.3,18.2,NA,22.9,13.9,0,6.4,0,NA,NA,NA
2017-10-01,NA,3.9,27.5,45.6,35.7,NA,56.9,29.6,13.6,36.9933333333333,0.9,NA,NA,NA
2017-11-01,NA,2.7,9,14.2,0,NA,59.5,16.7,7.2,20.1,1.8,NA,NA,NA
2017-12-01,NA,1.2,20.1,50.5,74,NA,137.3,52.2,0,52.3,0.6,NA,NA,NA
2018-01-01,NA,40,75.5,139.6,112.7,NA,148.1,171.3,82,108.5,7.6,NA,NA,NA
2018-02-01,NA,38.7,44.5,73.6,92.5,NA,111.2,68.5,41.8,82,3.2,NA,NA,NA
2018-03-01,NA,42.6,60.7,209.7,116.2,NA,172.7,313.3,64.4,120.3,14.5,NA,NA,NA
2018-04-01,NA,35.2,16.6,78.3,48.4,NA,143.1,133,47.3,65,3.6,NA,NA,NA
2018-05-01,NA,3.1,0,19.2,2,NA,37,44,0,8.6,0.2,NA,NA,NA
2018-06-01,NA,2.7,4,4.4,0,NA,16.7,1.8,0,3.3,0,NA,NA,NA
2018-07-01,NA,0,0,0.1,0,NA,6.6,0,0,1,0,NA,NA,NA
2018-08-01,NA,0,0,0,NA,NA,15.4,0,0,0,0,NA,NA,NA
2018-09-01,NA,0,0,4.5,NA,NA,28.8,0,0,10,0,NA,NA,NA
2018-10-01,NA,2,13.4,27.2,12,NA,86.9,43.2,12.2,35.1,0,NA,NA,NA
2018-11-01,NA,1.2,8.2,35.7,22.3,NA,81.8,51.6,0,33.6,0.8,NA,NA,NA
2018-12-01,NA,0.5,47,73.6,20.6,NA,83.8,53.2,8.5,88.2,4.4,NA,NA,NA
2019-01-01,NA,42.7,109.6,141.3,137.8,NA,177,160,66.8,153.7,23.4,NA,NA,NA
2019-02-01,NA,76.9,116,166.8,97.5,NA,188.9,169.2,125.9,115.2,47.1,NA,NA,NA
2019-03-01,NA,31,92.9,136.9,193.9,NA,181.2,157.4,46.6,98.6,2.9,NA,NA,NA
2019-04-01,NA,4.9,21.4,27.3,46.3,NA,102.8,40,0,38,0.6,NA,NA,NA
2019-05-01,NA,0.7,0,6.4,9.2,NA,23.9,12.9,0,13.6,0,NA,NA,NA
2019-06-01,NA,0,0,2,0,NA,6.4,0,0,3.3,0,NA,NA,NA
2019-07-01,NA,0,0,0.813114754098361,0,NA,15.6,0,0,1.82950819672131,0,NA,NA,NA
2019-08-01,NA,0,0,0,0,NA,0,0,0,0,0,NA,NA,NA
2019-09-01,NA,2.8,0,39.3,3.2,NA,46,9.1,19.2,12.6,0,NA,NA,NA
2019-10-01,NA,2.5,6.5,15.4,16.1,NA,60.5,31.9,16.6,30.6,0,NA,NA,NA
2019-11-01,NA,0.2,17.1,30.6,26.8,NA,97.2,24.9,0,31.4,0,NA,NA,NA
2019-12-01,NA,9.9,80.1,129.7,148.7,NA,258.6,172.7,17.5,115.3,16.6,NA,NA,NA
2020-01-01,NA,53.3,25.1,79.9,44.6,NA,104,108.1,37.5,47.2,5,NA,NA,NA
2020-02-01,NA,25.7,52.8,96.7,103.8,NA,65.1,142.8,44.7,78.2,7.93684210526316,NA,NA,NA
2020-03-01,NA,NA,56.9180327868852,NA,NA,NA,57.6295081967213,116.275409836066,59.5606557377049,NA,NA,NA,NA,NA
2020-04-01,NA,NA,NA,NA,NA,NA,NA,NA,NA,NA,NA,NA,NA,NA
2020-05-01,NA,NA,NA,NA,NA,NA,NA,NA,NA,NA,NA,NA,NA,NA
2020-06-01,NA,NA,NA,NA,NA,NA,NA,NA,NA,NA,NA,NA,NA,NA
2020-07-01,NA,NA,NA,NA,NA,NA,NA,NA,NA,NA,NA,NA,NA,NA
2020-08-01,NA,NA,NA,NA,0,NA,NA,1,0,NA,NA,NA,NA,NA
2020-09-01,NA,NA,NA,5.8,6.2,NA,NA,8.6,3.2,NA,NA,NA,NA,NA
2020-10-01,NA,NA,NA,21.6,14,NA,NA,51.2,0,14.1,NA,NA,NA,NA
2020-11-01,NA,NA,NA,27.8,27.5,NA,NA,20.8,17.7,29.7,NA,NA,NA,NA
2020-12-01,NA,NA,NA,211.9,133.8,NA,NA,212.4,101.3,165.570491803279,NA,NA,NA,NA
2021-01-01,NA,NA,NA,255.4,146.7,NA,NA,297.8,109,NA,NA,NA,NA,NA
2021-02-01,NA,NA,NA,36.8,74,NA,NA,68,8.8,NA,NA,NA,NA,NA
2021-03-01,NA,NA,NA,181.4,126.9,NA,NA,251.7,100.5,NA,NA,NA,NA,NA
2021-04-01,NA,NA,NA,48.1016949152542,57.6610169491525,NA,NA,128.2,30.5,NA,NA,NA,NA,NA
2021-05-01,NA,NA,NA,NA,NA,NA,NA,0,0,NA,NA,NA,NA,NA
2021-06-01,NA,NA,NA,NA,NA,NA,NA,0,0,NA,NA,NA,NA,NA
2021-07-01,NA,NA,NA,NA,NA,NA,NA,0,0,NA,NA,NA,NA,NA
2021-08-01,NA,NA,NA,NA,NA,NA,NA,1.3,0,NA,NA,NA,NA,NA
2021-09-01,NA,NA,NA,NA,NA,NA,NA,2.1,1,NA,NA,NA,NA,NA
2021-10-01,NA,NA,NA,NA,NA,NA,NA,107,29.4,NA,NA,NA,NA,NA
2021-11-01,NA,NA,NA,NA,NA,NA,NA,66.9,14.2,NA,NA,NA,NA,NA
2021-12-01,NA,NA,NA,NA,NA,NA,NA,91.3737704918033,28.3573770491803,NA,NA,NA,NA,NA
