dates,ACO_155106,AMBAR_151211,ANDAJES_155201,CAJATAMBO_000540,CHAMANA_150900,CHAVIN_000445,CHIQUIAN_000538,COCHAQUILLO_000545,DOS DE MAYO_004450,GORGOR_151208,LAGUNA COCHAQUILLO_155291,LAGUNA SURASACA_155206,MAYORARCA_150903,OCROS_155105,OYON_000541,PACCHO_155200,PAMPA LIBRE_155107,PARQUIN_155212,PICOY_000542,RECUAY_000441,YANAHUANCA_000475,PACHACOTO_155414,QUEROCOCHA_000429,SHACAYPAMPA_155411
1970-01-01,94.6,NA,147.7,NA,NA,NA,145.2,NA,NA,NA,NA,NA,NA,NA,116.8,NA,NA,165.4,NA,126.9,NA,113,212.8,111.9
1970-02-01,8.8,NA,43.2,NA,NA,NA,91.2,NA,NA,NA,NA,NA,NA,NA,52.1,NA,NA,79.6,NA,57.1,NA,89.3,129.5,46.2
1970-03-01,25.7,NA,88.7,NA,NA,NA,114.7,NA,NA,NA,NA,NA,NA,NA,102,NA,NA,83.4,NA,86.9,NA,83.8,105.2,90.8
1970-04-01,17.7,NA,53.8,NA,NA,NA,100.4,NA,NA,NA,NA,NA,NA,11.3,72.5,NA,NA,96.1,NA,133.5,NA,75.9,135.3,85.7
1970-05-01,10.1,NA,16.9,NA,NA,NA,44.3,NA,NA,NA,NA,NA,NA,3.3,23,NA,NA,23.6,NA,42.9,NA,36.5,72.6,42.5
1970-06-01,0,NA,0.3,NA,NA,NA,6.1,NA,NA,NA,NA,NA,NA,1.7,2.1,NA,NA,2.7,0,6,NA,0,NA,0
1970-07-01,0,NA,0.5,NA,NA,NA,0.4,10.2,NA,NA,NA,NA,NA,0,4.8,NA,NA,1.8,NA,0,NA,0,12.5,0
1970-08-01,0,NA,0.2,NA,NA,NA,5.4,3.1,NA,NA,NA,NA,NA,0,7.3,NA,NA,5.5,NA,14.3,NA,4.9,7.5,7.3
1970-09-01,9,NA,32.1,NA,NA,NA,68.1,87.6610169491525,NA,NA,NA,NA,NA,0,53,NA,NA,64.6,NA,94.9,NA,84.5,109.1,58.9
1970-10-01,0.3,NA,32.3,NA,NA,NA,69.2,90.1540983606558,NA,NA,NA,NA,NA,10.1,59.4,NA,NA,43.7,NA,172.5,NA,40.7,123.5,60.2
1970-11-01,8.8,NA,35.9,NA,NA,NA,65.3,67.4,NA,NA,NA,NA,NA,12.2,42.8,NA,NA,43.8,44,200.5,NA,59,108,73.4
1970-12-01,9.8,NA,68,NA,NA,NA,133.6,145,NA,NA,NA,NA,NA,6.8,103.570491803279,NA,NA,95.6,66.2688524590164,182.3,NA,56.4,191.4,131.2
1971-01-01,29.5,NA,59.5,NA,NA,NA,76,101,NA,NA,NA,NA,NA,17.2,93.2032786885246,NA,NA,73.7,NA,64.5,NA,59,149.8,61.1
1971-02-01,29.9,NA,122.1,NA,NA,NA,150.8,141.3,NA,NA,NA,NA,NA,47.5,121.1,NA,NA,128.5,102.530909090909,93.1,NA,117.3,170.9,138.6
1971-03-01,39.7,NA,169,NA,NA,NA,185.6,166.4,NA,NA,NA,NA,NA,84.4,154.1,NA,NA,195.9,141.1,200.1,NA,133.7,240,153.1
1971-04-01,11.9,NA,26.6,NA,NA,NA,44.4,67.9,NA,NA,NA,NA,NA,21.1,39.5593220338983,NA,NA,51.5,34.9,44.6,NA,27.9,87,38.3
1971-05-01,0,NA,0,NA,NA,NA,6.1,10.2,NA,NA,NA,NA,NA,2.1,4.47213114754098,NA,NA,5.3,5.3,0,NA,0,31.2,7.3
1971-06-01,0,NA,NA,NA,NA,NA,0.5,2,NA,NA,NA,NA,NA,0,1.42372881355932,NA,NA,0,0,3.9,NA,0,27,0
1971-07-01,0,NA,NA,NA,NA,NA,0,0.711475409836065,NA,NA,NA,NA,NA,0,0.304918032786885,NA,NA,0,0,0,NA,0,6.7,0
1971-08-01,0,NA,NA,NA,NA,NA,48.2,27.544262295082,NA,NA,NA,NA,NA,0,16.1606557377049,NA,NA,5.4,7,16,NA,16.5,49.6,29.8
1971-09-01,0,NA,0.2,NA,NA,NA,17.4,34.271186440678,NA,NA,NA,NA,NA,0,5,NA,NA,10.9,5,18.2,NA,0,38.8,9.7
1971-10-01,7.3,NA,18.2,NA,NA,NA,42.1,62.8131147540984,NA,NA,NA,NA,NA,7.7,45.6360655737705,NA,NA,16.3,12.8,67.4,NA,25,97.7,24.9
1971-11-01,5.4,NA,7.9,NA,NA,NA,20.5,54.4,NA,NA,NA,NA,NA,5,46.3,NA,NA,25.6,25.6,68.8,NA,56.5,74.4,49.8
1971-12-01,13.5,NA,65.8,NA,NA,NA,120.2,154.6,NA,NA,NA,NA,NA,24.3,111.803278688525,NA,NA,NA,93.5,153,NA,91.2,174.2,108.1
1972-01-01,41.4,NA,109.1,NA,NA,NA,NA,129.3,NA,NA,NA,NA,NA,64.8,88.2,NA,NA,131,105.5,105.1,NA,69.8,161.4,90
1972-02-01,34.6,NA,86,NA,NA,NA,135.536842105263,110.3,NA,NA,NA,NA,NA,87.6,72.7,NA,NA,105.8,99.1,111.8,NA,52.9,164.4,128.8
1972-03-01,156.8,NA,250.9,NA,NA,NA,NA,270.1,NA,NA,NA,NA,NA,204.9,203.9,NA,NA,283.1,242.4,232.8,NA,338.4,252.4,287.1
1972-04-01,7.4,NA,51.1,NA,NA,NA,NA,141.5,NA,NA,NA,NA,NA,18.7,93.5593220338983,NA,NA,81.3,64,88.2,NA,45.5,NA,104.4
1972-05-01,0,NA,0,NA,NA,NA,NA,7.2,NA,NA,NA,NA,NA,0,0.101639344262295,NA,NA,0,0,22.7,NA,6.1,54.8,14.6
1972-06-01,0,NA,0,NA,NA,NA,NA,1.9,NA,NA,NA,NA,NA,0,0,NA,NA,0,0,0,NA,0,16.7,0
1972-07-01,0,NA,NA,NA,NA,NA,NA,8.7,NA,NA,NA,NA,NA,1.5,0,NA,NA,16.1,NA,0,NA,0,0.5,0
1972-08-01,0,NA,NA,NA,NA,NA,NA,14.1,NA,NA,NA,NA,NA,0,11.8918032786885,NA,NA,1.9,0,8.8,NA,6.1,14.8,7.7
1972-09-01,0,NA,NA,NA,NA,NA,NA,56.3,NA,NA,NA,NA,NA,1.3,31.5,NA,NA,11.7,11.1,0,NA,6.6,28,9.7
1972-10-01,4.3,NA,16.872131147541,NA,NA,NA,NA,93.9,NA,NA,NA,NA,NA,5.6,38.2,NA,NA,27.5,34.7,7.9,NA,21.9,49.3,20
1972-11-01,3.4,NA,NA,NA,NA,NA,NA,48,NA,NA,NA,NA,NA,14.8,32.5,NA,NA,35.7,35.8,30.9,NA,27.3,46.9,15.2
1972-12-01,25.6,NA,61.7,NA,NA,NA,87.0254545454546,101,NA,NA,NA,NA,NA,54.6,55.5,NA,NA,97.1,66.472131147541,74.5,NA,57.3,109,48.6
1973-01-01,44.7,NA,141.4,NA,NA,NA,244.9,196.7,NA,NA,NA,NA,NA,110.2,117.901639344262,NA,NA,159.4,NA,85.9,NA,89.4,145.2,86.3
1973-02-01,28.5,NA,105.4,NA,NA,NA,183,169,NA,NA,NA,NA,NA,30.3,101.8,NA,NA,114.5,NA,112.8,NA,86.4,189,122.2
1973-03-01,34.7,NA,144.1,NA,NA,NA,217.9,178.9,NA,NA,NA,NA,NA,74.9,116.3,NA,NA,157.9,NA,173.7,NA,122.1,176.4,143.9
1973-04-01,12.4,NA,77.6,NA,NA,NA,128.4,143.8,NA,NA,NA,NA,NA,18,94.8,NA,NA,122.6,NA,103.8,NA,100.9,135.5,97.2
1973-05-01,0,NA,23,NA,NA,NA,13.9,46.6,NA,NA,NA,NA,NA,7.2,45.3311475409836,NA,NA,37.4,NA,65.5,NA,24.3,28.5,41.9
1973-06-01,0,NA,0,NA,NA,NA,0,8.8,NA,NA,NA,NA,NA,0,1.32203389830508,NA,NA,0,NA,5.1,NA,2.4,20.4,41.9
1973-07-01,1.3,NA,6.7,NA,NA,NA,0,12.2,NA,NA,NA,NA,NA,1.4,6.91147540983606,NA,NA,11.6,NA,1.4,NA,0,3.1,0
1973-08-01,4,NA,3.7,NA,NA,NA,7,14.2295081967213,NA,NA,NA,NA,NA,1.5,9.14754098360656,NA,NA,0,NA,3,NA,3,18.5,0
1973-09-01,5,NA,21.8,NA,NA,NA,44.8,70.271186440678,NA,NA,NA,NA,NA,7.1,48.2033898305085,NA,NA,21.4,NA,44.8474576271186,NA,43.1,67.4,42.6
1973-10-01,14.5,NA,54.7,NA,NA,NA,78.6,88.8327868852459,NA,NA,NA,NA,NA,12.8,26.3245901639344,NA,NA,80.9,NA,125.1,NA,80.8,174.3,145.9
1973-11-01,4.5,NA,16.5,NA,NA,NA,91.7,66.5084745762712,NA,NA,NA,NA,NA,3.1,44.5423728813559,NA,NA,68.6,NA,130.1,NA,122.1,100.9,98.3
1973-12-01,24.9,NA,94.9,NA,NA,NA,125.1,172.8,NA,NA,NA,NA,NA,44.3,134.5,NA,NA,117.5,NA,168.2,NA,127,184.4,127.6
1974-01-01,21.4,NA,52.1,NA,NA,NA,126.9,116.1,NA,NA,NA,NA,NA,45.8,83.8,NA,NA,71.5,NA,127.3,NA,140.4,206.3,161.9
1974-02-01,68.4,NA,136.8,NA,NA,NA,209.5,175.9,NA,NA,NA,NA,NA,88.2,119.6,NA,NA,131,NA,135.9,NA,229.2,247.1,128.8
1974-03-01,28.6,NA,95,NA,NA,NA,137.4,127.9,NA,NA,NA,NA,NA,15.8,109.567213114754,NA,NA,198,NA,126.8,NA,189,200.3,145.9
1974-04-01,3.7,NA,14.1,NA,NA,NA,37.9,71.1,NA,NA,NA,NA,NA,5,32.3,NA,NA,37.2,NA,50.5,NA,37.7,109.7,65
1974-05-01,0,NA,1.8,NA,NA,NA,0,1.01639344262295,NA,NA,NA,NA,NA,0,3.76065573770492,NA,NA,4.8,NA,6.40327868852459,NA,0,13.9,0
1974-06-01,0,NA,0.2,NA,NA,NA,9.2,7.4,NA,NA,NA,NA,NA,0,5.1,NA,NA,0,NA,NA,NA,0,29.3,0
1974-07-01,0,NA,0,NA,NA,NA,0,20.8360655737705,NA,NA,NA,NA,NA,0,2.1,NA,NA,1.3,NA,NA,NA,0,4.1,0
1974-08-01,0,NA,1.3,NA,NA,NA,0,39.5,NA,NA,NA,NA,NA,0,26,NA,NA,6.1,NA,NA,NA,0,8.2,0
1974-09-01,0,NA,0.9,NA,NA,NA,NA,33.2542372881356,NA,NA,NA,NA,NA,0,3.6,NA,NA,7.7,NA,NA,NA,0,60.6,0
1974-10-01,0,NA,15.7,NA,NA,NA,NA,28.4,NA,NA,NA,NA,NA,3.1,13.5,NA,NA,4.4,NA,NA,NA,3,69.3,16.4
1974-11-01,0.2,NA,22.3,NA,NA,NA,NA,52.1,NA,NA,NA,NA,NA,0,34.9,NA,NA,18.7,NA,NA,NA,17,66.8,28.6
1974-12-01,7,NA,20.5,NA,NA,NA,NA,68.8098360655738,NA,NA,NA,NA,NA,4,41.7,NA,NA,11.2,NA,NA,NA,35.2,86.7,52.3
1975-01-01,19.1,NA,133.7,NA,NA,NA,NA,NA,NA,NA,NA,NA,NA,64.5,127.4,NA,NA,116.4,NA,NA,NA,109.4,160.3,62.6
1975-02-01,29.9,NA,96.2,NA,NA,NA,NA,NA,NA,NA,NA,NA,NA,62.1,76.9,NA,NA,110.3,NA,NA,NA,122.1,NA,109
1975-03-01,66.6,NA,159.5,NA,NA,NA,NA,NA,NA,NA,NA,NA,NA,158.5,165.7,NA,NA,97.7,NA,NA,NA,136.1,236,135.5
1975-04-01,2.6,NA,35.7,NA,NA,NA,NA,NA,NA,NA,NA,NA,NA,4.1,44.3,NA,NA,14.8,NA,NA,NA,69.9,118.2,24.3
1975-05-01,0,NA,16.6,NA,NA,NA,NA,NA,NA,NA,NA,NA,NA,0,36.8,NA,NA,15.9,NA,NA,NA,55.9,87.8,22.5
1975-06-01,0.6,NA,6.5,NA,NA,NA,NA,NA,NA,NA,NA,NA,NA,0,0,NA,NA,2.7,NA,NA,NA,0,15.5,0
1975-07-01,0,NA,0,NA,NA,NA,NA,NA,NA,NA,NA,NA,NA,0,0,NA,NA,0,NA,NA,NA,0,5.9,0
1975-08-01,1.2,NA,3.9,NA,NA,NA,NA,NA,NA,NA,NA,NA,NA,0.1,8.3,NA,NA,0,NA,NA,NA,10.9,NA,21.9
1975-09-01,0,NA,2,NA,NA,NA,NA,NA,NA,NA,NA,NA,NA,0,29.5,NA,NA,0,NA,NA,NA,18.8,59.1,10.3
1975-10-01,3.8,NA,20.9,NA,NA,NA,NA,74.1,NA,NA,NA,NA,NA,4.7,31.8,NA,NA,55.9,NA,NA,NA,36.4,70.4,73.6
1975-11-01,0,NA,19.9,NA,NA,NA,NA,42.1,NA,NA,NA,NA,NA,7.6,40.5762711864407,NA,NA,19.7,NA,NA,NA,21.9,67.8,21.3
1975-12-01,14.9,NA,33.7,NA,NA,NA,NA,139.6,NA,NA,NA,NA,NA,13,16.6688524590164,NA,NA,50.6,NA,NA,NA,63.8,165.9,81.4
1976-01-01,57.8,NA,135.2,NA,NA,NA,NA,203.7,NA,NA,NA,NA,NA,72.4,125.3,NA,NA,154.8,NA,NA,NA,114.2,185.9,122.7
1976-02-01,36.1,NA,133.6,NA,NA,NA,NA,172.8,NA,NA,NA,NA,NA,80.8,114.5,NA,NA,184.3,NA,NA,NA,113,202.6,151
1976-03-01,27,NA,99.1,NA,NA,NA,NA,193.3,NA,NA,NA,NA,NA,41.8,115.970491803279,NA,NA,156.1,NA,NA,NA,103.9,179.5,58.3
1976-04-01,8.5,NA,16.6,NA,NA,NA,NA,54.2033898305085,NA,NA,NA,NA,NA,8.9,37.5254237288136,NA,NA,51.1,NA,NA,NA,46.2,69.7,74.1
1976-05-01,0,NA,1,NA,NA,NA,NA,21.8,NA,NA,NA,NA,NA,0,5.59016393442623,NA,NA,4.3,NA,NA,NA,24.9,27.5,20.7
1976-06-01,0,NA,6.6,NA,NA,NA,NA,18.5084745762712,NA,NA,NA,NA,NA,7.4,7.9,NA,NA,6.7,NA,NA,NA,0,20.2,24.9
1976-07-01,0,NA,0,NA,NA,NA,NA,1.32131147540984,NA,NA,NA,NA,NA,0,2.7,NA,NA,0.4,NA,NA,NA,0,3.4,0
1976-08-01,0,NA,0.6,NA,NA,NA,NA,18.1934426229508,NA,NA,NA,NA,NA,0,10.3,NA,NA,1.7,NA,NA,NA,0,9.2,0
1976-09-01,0,NA,9.4,NA,NA,NA,NA,16.9,NA,NA,NA,NA,NA,0,13.728813559322,NA,NA,4.5,NA,NA,NA,3.6,29.6,0
1976-10-01,0,NA,0,NA,NA,NA,NA,23.4,NA,NA,NA,NA,NA,0,5.6,NA,NA,0.8,NA,NA,NA,0,15.9,0
1976-11-01,0,NA,0,NA,NA,NA,NA,41.7966101694915,NA,NA,NA,NA,NA,0,19.1186440677966,NA,NA,3.6,NA,NA,NA,0,36.9,0
1976-12-01,7.6,NA,34.9639344262295,NA,NA,NA,44,127.8,NA,NA,NA,NA,NA,19.7,69,NA,NA,10.1,NA,NA,NA,37.1,73.6,69.3
1977-01-01,23.7,NA,NA,NA,NA,NA,83.9,100.6,NA,NA,NA,NA,NA,33,68,NA,NA,10.8,NA,NA,NA,145.8,160.2,151.3
1977-02-01,79.6,NA,102.5,NA,NA,NA,181.7,135.4,NA,NA,NA,NA,NA,137.3,113.12,NA,NA,169.8,NA,NA,NA,127.6,NA,164.6
1977-03-01,20.3,NA,103.8,NA,NA,NA,108.7,155.406557377049,NA,NA,NA,NA,NA,62.4,49.2950819672131,NA,NA,98.3,NA,NA,NA,144,107.3,117.3
1977-04-01,1.5,NA,13.7,NA,NA,NA,9,55.5254237288136,NA,NA,NA,NA,NA,0,38.7931034482759,NA,NA,36.1,NA,NA,NA,24.9,114.3,80.2
1977-05-01,0,NA,15.2,NA,NA,NA,14.9,60.0688524590164,NA,NA,NA,NA,NA,0,46.2,NA,NA,6.1,NA,NA,NA,2.4,46.7,0
1977-06-01,0,NA,0,NA,NA,NA,0,0,NA,NA,NA,NA,NA,0,0.8,NA,NA,0,NA,NA,NA,5.5,8.4,0
1977-07-01,0,NA,0,NA,NA,NA,3,5.18360655737705,NA,NA,NA,NA,NA,0,1.7,NA,NA,0,NA,NA,NA,0,10.3,0
1977-08-01,0,NA,0,NA,NA,NA,0,0.4,NA,NA,NA,NA,NA,0,0.7,NA,NA,0,NA,NA,NA,0,2.3,0
1977-09-01,0.8,NA,5.8,NA,NA,NA,10,19.5254237288136,NA,NA,NA,NA,NA,0,17.8,NA,NA,0,NA,NA,NA,0,35.4,12.8
1977-10-01,0,NA,2.7,NA,NA,NA,12.9,50.7180327868852,NA,NA,NA,NA,NA,0,14.2,NA,NA,7.6,NA,NA,NA,35.3,49.6,32.2
1977-11-01,2.1,NA,35.5932203389831,NA,NA,NA,71.6,128.949152542373,NA,NA,NA,NA,NA,0,85.6,NA,NA,94.7,NA,NA,NA,126.9,237.3,59.5
1977-12-01,2.9,NA,NA,NA,NA,NA,95.4,130,NA,NA,NA,NA,NA,9.3,72.3,NA,NA,80.3,NA,NA,NA,44.4,141.4,141.6
1978-01-01,9.9,NA,56.5,NA,NA,NA,66.5,127.8,NA,NA,NA,NA,NA,1.6,39.4,NA,NA,113.7,NA,NA,NA,58.3,NA,74.1
1978-02-01,18.7,NA,104.4,NA,NA,NA,131.7,244.770909090909,NA,NA,NA,NA,NA,29.5,114.6,NA,NA,164,NA,NA,NA,100.2,229.4,106.3
1978-03-01,27.6,NA,38.6,NA,NA,NA,69.6229508196721,110.990163934426,NA,NA,NA,NA,NA,47.1,50.1,NA,NA,102.9,NA,NA,NA,14.6,108.4,18.8
1978-04-01,3.2,NA,18.2,NA,NA,NA,30.7,84.1016949152542,NA,NA,NA,NA,NA,0.5,28.7796610169492,NA,NA,53.5,NA,NA,NA,26.2,53.6,24.3
1978-05-01,0,NA,0,NA,NA,NA,0,16.2,NA,NA,NA,NA,NA,0,3.86229508196721,NA,NA,0,NA,NA,NA,0,38.3,4.9
1978-06-01,0,NA,0,NA,NA,NA,0,5.28813559322034,NA,NA,NA,NA,NA,0,0,NA,NA,0,NA,NA,NA,0,0,0
1978-07-01,0,NA,1.93114754098361,NA,NA,NA,14,3.04918032786885,NA,NA,NA,NA,NA,0,5.69180327868853,NA,NA,4.3,NA,NA,NA,0,22.2,0
1978-08-01,0,NA,NA,NA,NA,NA,4,7.72459016393443,NA,NA,NA,NA,NA,0,2.84590163934426,NA,NA,1.8,NA,NA,NA,0,4.2,0
1978-09-01,0,NA,4.3728813559322,NA,NA,NA,22.9,78.3050847457627,NA,NA,NA,NA,NA,0,33.6,NA,NA,15.3,NA,NA,NA,17.6,NA,36.5
1978-10-01,0,NA,NA,NA,NA,NA,33.4,87.3,NA,NA,NA,NA,NA,0.8,44.3,NA,NA,37.5,NA,39.68,NA,23.7,NA,41.3
1978-11-01,3.5,NA,36.4,NA,NA,NA,57,93.2542372881356,NA,NA,NA,NA,NA,0.5,44.8474576271186,NA,NA,93.8,NA,63.6,NA,76.6,NA,49.2
1978-12-01,6.6,NA,47.1606557377049,NA,NA,NA,46.5,87.816393442623,NA,NA,NA,NA,NA,7.6,28.2,NA,NA,83.9,NA,103.5,NA,48,73.3,45
1979-01-01,1.9,NA,NA,NA,NA,NA,42.9,61.3694915254237,NA,NA,NA,NA,NA,3.4,48.3,NA,NA,43.5,NA,37,NA,47.6,96,34
1979-02-01,8.5,NA,NA,NA,NA,NA,128.901818181818,158.2,NA,NA,NA,NA,NA,11.3,95.4,NA,NA,158.9,NA,117.4,NA,104.7,211.2,105.8
1979-03-01,74.1,NA,NA,NA,NA,NA,215.4,151.340983606557,NA,NA,NA,NA,NA,96.9,106.7,NA,NA,152.5,NA,169.7,NA,281,196.1,154.3
1979-04-01,4.2,NA,NA,NA,NA,NA,48.2,128.1,NA,NA,NA,NA,NA,0,57.1,56.9,NA,45.8,NA,95.4,NA,4.3,131.3,49.8
1979-05-01,0,NA,NA,NA,NA,NA,0,14.7377049180328,NA,NA,NA,NA,NA,0,7.2,4.3,NA,2.1,NA,22,NA,24.3,38.7,29.2
1979-06-01,0,NA,NA,NA,NA,NA,0,0,NA,NA,NA,NA,NA,0,0,1.9,NA,0,NA,3,NA,0,0.5,0
1979-07-01,0,NA,0,NA,NA,NA,0,5.28524590163934,NA,NA,NA,NA,NA,0,0,1.6,NA,0.5,NA,0,NA,0,0.1,0
1979-08-01,0,NA,NA,NA,NA,NA,0,2.64262295081967,NA,NA,NA,NA,NA,0,0,0.5,NA,1.4,NA,9.1,NA,0,7.8,0
1979-09-01,0,NA,NA,NA,NA,NA,0,31.4237288135593,NA,NA,NA,NA,NA,0,10.8813559322034,2.5,NA,1,NA,23.8,NA,2.4,51.8,7.9
1979-10-01,1,NA,NA,NA,NA,NA,6.5,54.6819672131148,NA,NA,NA,NA,NA,20,18.1866666666667,4.4,NA,0,NA,12.2,NA,0,33.5,0
1979-11-01,0.6,NA,NA,NA,NA,NA,0,36.9,NA,NA,NA,NA,NA,0,16.5,3.6,NA,1.4,NA,45.8,NA,6.7,62.4,32.2
1979-12-01,0,NA,NA,NA,NA,NA,0,93.9,NA,NA,NA,NA,NA,9.9,12.9081967213115,4.5,NA,9.3,NA,31,NA,27.3,93.3,46.2
1980-01-01,19,NA,NA,NA,NA,NA,29,135.180327868852,NA,88.7,NA,NA,NA,41.6,71.5,17.7,NA,49.8,NA,85.3,NA,130.1,143.9,115.5
1980-02-01,0,NA,NA,NA,NA,NA,NA,55,NA,21.5,NA,NA,NA,9.8,62.6,51.7,NA,25.6,NA,60.5,NA,7.9,138.5,14
1980-03-01,8.6,NA,NA,NA,NA,NA,NA,173.6,NA,79.66,NA,NA,NA,16.8,80.5,0,NA,14.5,NA,91.8,NA,62.6,147.7,164
1980-04-01,0,NA,NA,NA,NA,NA,NA,45.7,NA,20.1,NA,NA,NA,3.6,8.1,0,NA,2.5,NA,47.3,NA,21.9,66.3,34.6
1980-05-01,0,NA,0,NA,NA,NA,NA,10.075,NA,0,NA,NA,NA,0,4.8,0,NA,0,NA,9.9,NA,0,25.5,4.2
1980-06-01,0,NA,0,NA,NA,NA,NA,2.1,NA,0,NA,NA,NA,0,1.2,0,NA,6.4,NA,3.4,NA,0,3.7,0
1980-07-01,0,NA,0,NA,NA,NA,NA,10,NA,0,NA,NA,NA,0,0.813114754098361,0,NA,2.4,NA,0,NA,0,4.2,0
1980-08-01,0,NA,NA,NA,NA,NA,NA,11.5,NA,0,NA,NA,NA,0.1,0,0,NA,0,NA,8.7,NA,0,27.7,1.8
1980-09-01,0,NA,NA,NA,NA,NA,NA,15.4,NA,0,NA,NA,NA,0,3.35593220338983,0,NA,0,NA,10.5,NA,0,15.2,0
1980-10-01,14.4,NA,NA,NA,NA,NA,NA,148.1,NA,81.8,NA,NA,0,46.4,104.688524590164,0,NA,87.5,80.1,157.4,NA,47.4,146.2,91.1
1980-11-01,4.8,NA,NA,NA,NA,NA,NA,122.4,NA,70.48,NA,NA,0,13.2,64.1694915254237,38.1,NA,80.3,48.9,124.7,NA,68,170,99.6
1980-12-01,8.4,NA,NA,NA,NA,NA,NA,113.3,NA,49.2239344262295,NA,NA,NA,0,73.3836065573771,12.1,NA,79.5,62.2,147.8,NA,70.4,153.6,105.1
1981-01-01,27.1,NA,NA,NA,NA,NA,NA,156.8,NA,123.898360655738,NA,NA,12.2,31,94.4229508196721,51.8,NA,130.1,106.1,139.9,NA,149.4,187.8,108.1
1981-02-01,55.1,NA,NA,NA,NA,NA,NA,281.1,NA,183.883636363636,NA,NA,132.4,109.1,156.4,182.5,NA,199.7,160.2,176,NA,193.8,200,145.8
1981-03-01,46.4,NA,NA,NA,NA,NA,NA,144.1,NA,203.583606557377,NA,NA,188.7,38.2,108.754098360656,204.7,NA,195.3,151.4,187.2,NA,139.8,217.6,140.5
1981-04-01,14.6,NA,NA,NA,NA,NA,NA,48.5,NA,0,NA,NA,8.9,19.7,0,33.3,NA,23.3,12.9,52,NA,16.4,52.4,41.7
1981-05-01,0,NA,NA,NA,NA,NA,NA,4.2,NA,0,NA,NA,0,0,0,0,NA,0,0,3.2,NA,0,18.4,0
1981-06-01,0,NA,0,NA,NA,NA,NA,0,NA,0,NA,NA,0,0,0,0,NA,0,0,0,NA,0,2.6,0
1981-07-01,0,NA,0,NA,NA,NA,NA,0.735593220338983,NA,0,NA,NA,NA,0,0,0,NA,0,0,0,NA,0,3,0
1981-08-01,0,NA,NA,NA,NA,NA,NA,42.6,NA,0,NA,NA,NA,0,7.31803278688525,0,NA,8.6,9.1,16.4,NA,9.1,30.8,17
1981-09-01,0,NA,NA,NA,NA,NA,NA,7.3,NA,0,NA,NA,NA,0,0,0,NA,0,0.5,9.7,NA,9.1,7.4,9.7
1981-10-01,0,NA,NA,NA,NA,NA,NA,101.2,NA,42.5868852459016,NA,NA,NA,38.2,58.1377049180328,12.8,NA,67.4,46.4,44.2,NA,39.5,118.3,52.2
1981-11-01,5,NA,NA,NA,NA,NA,NA,130,NA,64.5762711864407,NA,NA,NA,36.6,61.7,41.5,NA,105.5,72.1,141.6,NA,34,202.9,94.8
1981-12-01,14.5,NA,NA,NA,NA,NA,NA,166.5,NA,NA,NA,NA,NA,23.2,113.327868852459,48.5,NA,135.9,105.6,81.8,NA,103.9,151.2,105.1
1982-01-01,21.4459016393443,NA,NA,NA,NA,NA,NA,131.44,NA,104.1,NA,NA,NA,45.4,88.3,59.1,NA,118.7,86.1,158.4,NA,126.9,257.8,42.5
1982-02-01,NA,NA,NA,NA,NA,NA,NA,230.5,NA,99.2727272727273,NA,NA,NA,33.2,153.2,38.1,NA,220.8,148.1,163.3,NA,128.8,222.3,110.6
1982-03-01,18.2,NA,NA,NA,NA,NA,NA,123.77037037037,NA,100.419672131148,NA,NA,NA,13,73.0786885245902,15.3,NA,104.6,83.1,94.6,NA,108.8,141.9,107.4
1982-04-01,3.9,NA,NA,NA,NA,NA,NA,80.7,NA,67.1186440677966,NA,NA,NA,17.4,37.9322033898305,47.9,NA,71.2,41,43.2,NA,30.4,65,33.4
1982-05-01,0,NA,NA,NA,NA,NA,NA,3,NA,0,NA,NA,NA,0,NA,0,NA,1.5,0,4.4,NA,0,2.4,22.5
1982-06-01,0,NA,NA,NA,NA,NA,NA,2.5,NA,0,NA,NA,NA,0,0,0,NA,0,0.4,0,NA,0,9.1,0
1982-07-01,NA,NA,NA,NA,NA,NA,NA,8.1,NA,0,NA,NA,NA,0,4.3,0,NA,0,0.5,9.2,NA,0,9.7,0
1982-08-01,0,NA,NA,NA,NA,NA,NA,30.3,NA,0,NA,NA,NA,0,0,0,NA,0,0.4,16.5689655172414,NA,0,4.8,0
1982-09-01,0,NA,NA,NA,NA,NA,NA,34.3728813559322,NA,0,NA,NA,NA,0,0,27.3,NA,10.6,9.5,14.9,NA,0,37.3,0
1982-10-01,NA,NA,NA,NA,NA,NA,NA,139.8,NA,43.4,NA,NA,NA,18.2,57.5,53.1,NA,76.4,47.6,163.1,NA,29.5,142.5,23.1
1982-11-01,NA,NA,NA,NA,NA,NA,NA,121,NA,50.5423728813559,NA,NA,NA,15.7,65.5,29.9,NA,108,97.1,128.9,NA,85.6,175.1,110.7
1982-12-01,8.4,NA,NA,NA,NA,NA,NA,NA,NA,47.872131147541,NA,NA,NA,33.1,105.3,81,NA,74.7,46.3,108.2,NA,96.7,232.5,94.8
1983-01-01,7.3,NA,NA,NA,NA,NA,NA,NA,NA,72.672131147541,NA,NA,NA,35.8,162.8,108.4,NA,167.6,99,124.4,NA,126.5,213.1,42.5
1983-02-01,29.3,NA,NA,NA,NA,NA,NA,NA,NA,72.2909090909091,NA,NA,NA,57.1,50.7,48.2,NA,66.3,39.9,39.7,NA,21.3,47.5,113.1
1983-03-01,169.8,NA,NA,NA,NA,NA,NA,NA,NA,192.301639344262,NA,NA,NA,223.1,180.2,219.4,NA,152.1,105.603278688525,113.4,NA,179.9,NA,124.5
1983-04-01,20.1,NA,NA,NA,NA,NA,NA,NA,NA,36.2033898305085,NA,NA,NA,75.8,102.6,98.3,NA,86.7,66.2,77.0689655172414,NA,69.9,NA,59.5
1983-05-01,0,NA,NA,NA,NA,NA,NA,NA,NA,0,NA,NA,NA,0,0,2.7,NA,9.1,10.7,10,NA,60.7,56.8,52.9
1983-06-01,0,NA,NA,NA,NA,NA,NA,NA,NA,0,NA,NA,NA,0,0,5.3,NA,0,4.3,15.2,NA,14,29.2,0
1983-07-01,0,NA,NA,NA,NA,NA,NA,NA,NA,0,NA,NA,NA,0,0,0,NA,0,0,2.1,NA,0,2.8,0
1983-08-01,0,NA,NA,NA,NA,NA,NA,NA,NA,0,NA,NA,NA,0,0,0,NA,0,0,0,NA,0,16,1.5
1983-09-01,0,NA,5.28813559322034,NA,NA,NA,NA,NA,NA,0,NA,NA,NA,0,3.25423728813559,0,NA,9.35593220338983,5.8,9.9,NA,3.6,42.2,6.1
1983-10-01,0.1,NA,NA,NA,NA,NA,NA,NA,NA,0,NA,NA,NA,0,NA,0,NA,39.8426229508197,24.4,71,NA,34,74.8,21.3
1983-11-01,14,NA,NA,NA,NA,NA,NA,NA,NA,25.8305084745763,NA,NA,NA,21.1,NA,18.2,NA,34.9,26,93.4,NA,21.9,72.7,49.8
1983-12-01,12.9,NA,NA,NA,NA,NA,NA,NA,NA,43.7049180327869,NA,NA,NA,53.9,NA,97.9,NA,168.4,119.7,59.7,NA,117.9,181.1,98.4
1984-01-01,18.6,NA,NA,NA,NA,NA,NA,NA,NA,103.570491803279,NA,NA,NA,58.7,NA,98,22.8,121.1,80.9,98.7,NA,72.1,146.3,118
1984-02-01,61.2,NA,NA,NA,NA,NA,NA,NA,NA,309.129824561404,NA,NA,NA,201.6,NA,313.2,11.6,227,162.7,229.4,NA,210.1,242.4,193.7
1984-03-01,50.9,NA,NA,NA,NA,NA,NA,NA,NA,244.239344262295,NA,NA,NA,97.4,NA,159.5,22,201.7,160.9,227.8,NA,230.9,299.2,205.7
1984-04-01,8.3,NA,NA,NA,0,NA,NA,NA,NA,39.5,NA,NA,NA,12.6,NA,59.6,8.6,39.864406779661,34.9,90.1,NA,127.2,85.7,98.7
1984-05-01,0.6,NA,NA,NA,0,NA,NA,NA,NA,14.8,NA,NA,NA,3.6,NA,70.7,0,49,32.6,63,NA,54.1,74,27
1984-06-01,0,NA,5.5,NA,0,NA,NA,NA,NA,0,NA,NA,NA,0,NA,5.1,0,7.3,9.8,21,NA,0,26.6,12.3
1984-07-01,0,NA,0,NA,0,NA,NA,NA,NA,0,NA,NA,NA,0,NA,0,0,0,0.4,13.9,NA,0,15.6,10.7
1984-08-01,0,NA,NA,NA,0,NA,NA,NA,NA,0,NA,NA,NA,0,NA,0,0,0,0.8,0,NA,0,0.2,0
1984-09-01,2.9,NA,NA,NA,0,NA,NA,NA,NA,0,NA,NA,NA,0,NA,0,0,0,1.2,44.9,NA,14,55.8,21.2
1984-10-01,7.72459016393443,NA,NA,NA,0,NA,NA,NA,NA,99.4,NA,NA,NA,20.2,NA,37.4,0,86.9016393442623,48.8,154.4,NA,80.3,102.8,79
1984-11-01,NA,NA,NA,NA,0,NA,NA,NA,NA,158.1,NA,NA,NA,0,NA,49.6,11.8,100.2,66.7,88.6,NA,56,100.6,71.8
1984-12-01,NA,NA,NA,NA,1.7,NA,NA,NA,NA,60.8,NA,NA,NA,18.4,NA,78.6,13.1,138.8,88.1,82.7,NA,81.6,99.7,61.4
1985-01-01,7.5,NA,25.2,NA,8.1,NA,NA,NA,NA,56.5114754098361,NA,NA,NA,0,NA,19.9,5.1,54.783606557377,29.7,40.2,NA,92,104.7,54.8
1985-02-01,23.2,NA,105.5,NA,17.8,NA,NA,NA,NA,146.516363636364,NA,NA,NA,76.4,NA,124.1,17.6,192.2,116.4,114.6,NA,79,120.5,69
1985-03-01,69,NA,136.3,NA,46,NA,NA,NA,NA,161.8,NA,NA,NA,59.5,NA,149.7,35.3,150.2,113.4,111,NA,71.7,152.6,133.7
1985-04-01,7.1,NA,30.8,NA,11,NA,NA,NA,NA,73.3,NA,NA,NA,7.4,NA,51.2,12.8,60.5,47.8,128.2,NA,78.4,84.1,46.1
1985-05-01,3.1,NA,11.5,NA,0,NA,NA,NA,NA,22.4,NA,NA,NA,0,NA,10.3,0,34.4,16.4,47.1,NA,21.9,74.8,28.6
1985-06-01,0,NA,4.8,NA,0,NA,NA,NA,NA,0,NA,NA,NA,0,NA,0,0,3.2,3.3,2.1,NA,0,5,0
1985-07-01,0,NA,0.9,NA,0,NA,NA,NA,NA,0,NA,NA,NA,0,NA,0,0,0,0,13.5,NA,0,2.2,0
1985-08-01,0,NA,0,NA,0,NA,NA,NA,NA,0,NA,NA,NA,0,NA,0,0,1.6,0,0,NA,0,14,0
1985-09-01,0,NA,6.8,NA,0,NA,NA,NA,NA,11.3,NA,NA,NA,0,NA,0,0,22.4,16.3,73.1,NA,35.9,107.8,49.2
1985-10-01,0,NA,9,NA,0,NA,NA,NA,NA,0,NA,NA,NA,0,NA,10.5,0,29.2,17.0754098360656,45.5,NA,8.5,55.1,20.7
1985-11-01,0.4,NA,11,NA,7.7,NA,NA,NA,NA,0,NA,NA,NA,0,NA,9.6,0,34.1,31.5,44,NA,11.5,100.7,26.1
1985-12-01,13.5,NA,59.4,NA,12,NA,NA,NA,NA,63.6,NA,NA,NA,18.8,NA,33.1,5.8,101.4,78.5,108.7,NA,86.3,129.6,76.5
1986-01-01,27.6,NA,128.9,NA,2.6,NA,NA,NA,NA,74.6,NA,NA,NA,71.7,NA,142.7,17.3,166.2,127.9,219.5,NA,162.9,144.4,65
1986-02-01,26.6,NA,100.3,NA,12.5,94.5,NA,NA,NA,128.4,NA,NA,NA,59.6654545454545,NA,166.7,13.6,164.9,156.5,136.9,NA,162.9,153,144.6
1986-03-01,42.2,NA,101.5,NA,7.7,60.5,NA,NA,NA,119.5,NA,NA,NA,NA,NA,117.4,0,121.2,91,75.0098360655738,NA,62.6,108.7,45.6
1986-04-01,5.9,NA,55.4,NA,0,103,NA,NA,NA,61,NA,NA,NA,26.1,NA,110.2,3,90.7,77.9,NA,NA,59.5,119.3,74.8
1986-05-01,0.5,NA,22.6,NA,0,19,NA,NA,NA,0,NA,NA,NA,0,NA,7.1,0,0,18.9,3.61666666666667,NA,0,24.3,11.3
1986-06-01,0,NA,0,NA,0,3.7,NA,NA,NA,0,NA,NA,NA,0,NA,0,0,0,0,0,NA,0,0.6,0
1986-07-01,0,NA,0,NA,0,16.6,NA,NA,NA,0,NA,NA,NA,0,3.5,0,0,0,1,0,NA,1.2,8.2,0
1986-08-01,1.1,NA,4,NA,0,13,NA,NA,NA,0,NA,NA,NA,0,7.2,11.6,0,0,5.1,2.06666666666667,NA,0,17.8,0
1986-09-01,0,NA,2.2,NA,0,71.8983050847458,15.5,NA,NA,0,NA,NA,NA,0,11.8983050847458,0,0,0,1.1,41.6,NA,1.2,44.6,0
1986-10-01,0,NA,0,NA,0,NA,3,NA,NA,0,NA,NA,NA,0,10.6,0,0,33.6,13.1,50.1,NA,0,37.6,8.5
1986-11-01,1.2,NA,7,NA,1.4,NA,39.8,NA,NA,15.6,NA,NA,NA,0,24.7,30.2,3,46.3,25.1,74.4,NA,38.3,104.8,0
1986-12-01,10.9,NA,112.3,NA,16.7,NA,154.8,NA,NA,51,NA,NA,NA,9.9,65.8,121,7.9,59.7,122.7,128.3,NA,48.6,166.9,86.3
1987-01-01,16.3639344262295,NA,103,NA,17.5,NA,170.1,NA,NA,184,NA,NA,NA,80.6,127.3,131.9,0.5,240.6,104.6,175.3,NA,51.6,161.4,120.3
1987-02-01,NA,NA,105.6,NA,9.9,NA,100.3,NA,NA,91.1,NA,NA,NA,54.8,105.1,130.1,54.5,142,88.3,125.1,NA,165.9,101,134.9
1987-03-01,NA,NA,46.1,NA,0,NA,65.1,NA,NA,53.5,NA,NA,NA,34.7,35.8,111.1,5.5,92.1,69.2,76.1,NA,25.5,145.3,106.4
1987-04-01,NA,NA,22.7,NA,1.1,56.3,26.7,NA,NA,8.9,NA,NA,NA,2.1,25.8,19.8,1,60.8,26.9,74.6,NA,83.8,67,8.5
1987-05-01,NA,NA,1.7,NA,0.5,9.8,8.5,NA,NA,0,NA,NA,NA,0,1.7,6.2,0,15,23.7269230769231,7,NA,19.4,11.8,82.1
1987-06-01,NA,NA,0,NA,0,10.8,0,NA,NA,0,NA,NA,0,0,0,0,0,0,0,0,NA,0,6.8,0
1987-07-01,NA,NA,0,NA,0,17,4.54666666666667,NA,NA,0,NA,NA,0,0,5.3,0,0,0,0,0,NA,0,17.6,0
1987-08-01,NA,NA,2,NA,0,16.2,2.84590163934426,NA,NA,0,NA,NA,0,0,3.6,0,0,0,4.6,6.2,NA,0,17.7,0
1987-09-01,NA,NA,5.8,NA,0,45,NA,NA,NA,0,NA,NA,0,0,14.9,9.1,0.1,12.5,9.3,57.9,NA,0,36.9,7.9
1987-10-01,NA,NA,9,NA,0,38.7,5.8,NA,NA,0,NA,NA,NA,0,19.6,5.6,0,21,10.8,56.2,NA,34,78.9,38.3
1987-11-01,NA,NA,31.7,NA,0,94.5,48.3050847457627,NA,NA,24.5,NA,NA,NA,5.7,90.2,29.3,3,61.8,40.4,112.2,NA,21.9,129.9,96
1987-12-01,NA,NA,84.6,NA,0,85.9,NA,NA,NA,53.1,NA,NA,NA,24.3,45.4,52.3,18,109.3,76.1,183.3,NA,135,144.2,115.5
1988-01-01,NA,NA,82.4,NA,13.4,164.3,189,NA,NA,168.1,NA,NA,67.2,49.8,104.7,131.6,28.5,132.7,91.6,154.6,NA,137.9,228.9,110.7
1988-02-01,NA,NA,96.9719298245614,NA,11.5,95.0385964912281,58.5,NA,NA,93.2,NA,NA,56.3,34.4947368421053,61.8,133.6,9.83928571428571,103.8,70.2,133.5,NA,152.7,153.3,NA
1988-03-01,NA,NA,0,NA,26,98.3,100.7,NA,NA,0,NA,NA,86.9,37.4,58.1,87.9,16,113.3,73.1,89.1,NA,106.9,106.8,107
1988-04-01,NA,NA,NA,NA,4.8,134.5,125.389830508475,NA,NA,0,NA,NA,30.6,27.5,72.9,71.1,6.5,91.7,58.2,114.7,NA,175.4,115.2,103.3
1988-05-01,NA,NA,NA,NA,0,24.4,15.6524590163934,NA,NA,0,NA,NA,4.1,20.4,12.6,5.2,0,13.4,19.2,33.1,NA,29.2,36.5,9.5
1988-06-01,NA,NA,NA,NA,0,0,0.5,NA,NA,0,NA,NA,0,0,0,0,0,0,0,2.5,NA,0,9.2,1.8
1988-07-01,NA,NA,NA,NA,0,0,0,NA,NA,0,NA,NA,NA,0,0,0,0,0,0,0,NA,0,0,0
1988-08-01,NA,NA,NA,NA,0,0,1.6,NA,NA,0,NA,NA,NA,0,0,0,0,0,0.9,21.7,NA,0,16.6,8.5
1988-09-01,NA,NA,NA,NA,0,44.9,9.35593220338983,NA,NA,0,NA,NA,NA,0,11.1,0,0,6.6,4.2,46,NA,4.8,40.4,9.2
1988-10-01,NA,NA,NA,NA,1.4,66.5,41.2655737704918,NA,NA,0,NA,NA,12.8,0,28.0524590163934,11.1,0,36.9,21,89.151724137931,NA,60.1,95.2,52.9
1988-11-01,NA,NA,NA,NA,3.6,43.9,33.5,NA,NA,66.2,NA,NA,20.4,0,29.7,9.2,3,36.9,17.9,96.3,NA,44.4,106.4,64.8
1988-12-01,NA,NA,NA,NA,12.1,63.8,69.2163934426229,NA,NA,167.7,NA,NA,39.2,19.7,62.8131147540984,5.6,20.1,90.7,76.1,70.5,NA,41.3,88.1,87.5
1989-01-01,NA,NA,NA,NA,31.3,79.4,214.7,NA,NA,250.2,NA,NA,117.9,92.7,135.993442622951,212.8,53.1,188.1,145.6,177.4,NA,60.8,158.4,93.6
1989-02-01,NA,NA,NA,NA,73.5,103.5,167.9,NA,NA,233,NA,NA,113,149.8,95.6072727272727,236.8,27.7,200.3,147,140.3,NA,142.8,199.1,136.7
1989-03-01,NA,NA,NA,NA,36.7,118.6,100.8,NA,NA,202.5,NA,NA,169.4,78,109.7,218.9,35.9,189.3,134.7,NA,NA,142.8,206.8,187.8
1989-04-01,NA,NA,NA,NA,0,66.1,31.4,NA,NA,43.6,NA,NA,134.9,8.3,46.5,26.3,16.5,94,40.3,82.3,NA,102.1,126.7,105.8
1989-05-01,NA,NA,NA,NA,0,18.8,5.2,NA,NA,0,NA,NA,31.3,0,22.5,0,0.7,11.383606557377,14,33.2,NA,75.4,21.8,59.5
1989-06-01,NA,NA,NA,NA,0.6,20.3,3.05084745762712,NA,NA,0,NA,NA,0,0,3.7,0,0,7.7,2.8,7.1,NA,0,12.8,0
1989-07-01,NA,NA,NA,NA,0,3.7,NA,NA,NA,0,NA,NA,0,0,0,0,0,0,0,0,NA,0,1.1,0
1989-08-01,NA,NA,NA,NA,0,18.3,0,NA,NA,0,NA,NA,38.1,0,2,0,0,0,2.4,22.9,NA,0,47.2,0
1989-09-01,NA,NA,NA,NA,0,55.8,3.05084745762712,NA,NA,0,NA,NA,38.3,0,14.7,0,0,17.4,7.3,38.3,NA,1.2,34,18.2
1989-10-01,NA,NA,NA,NA,0,96.2,32,NA,NA,48.8,NA,NA,41.9,1.6,39.5,0.8,2.0327868852459,34.8,36.5,137.8,NA,91.1,109.8,35.2
1989-11-01,NA,NA,NA,NA,0,48.4,11.6949152542373,NA,NA,0,NA,NA,6.6,0,18.4,0,NA,13.3,8.5,40.6,NA,18.8,42.2,55.9
1989-12-01,NA,NA,NA,NA,2.4,28.7,12.4,NA,NA,0,NA,NA,55.2,0,7.6,0,0,0,8.7,9.4,NA,0,63.3,0
1990-01-01,NA,NA,NA,NA,9.2,85.5,108.04262295082,NA,NA,78.1,NA,NA,17.6,26.3,51.4,56,30.5,98.8,105.2,110.1,NA,63.8,207.2,132.4
1990-02-01,NA,NA,NA,NA,10.1,95.4,42.7,NA,NA,33.5,NA,NA,43.6,10.2,76,28.2,6,89.3,26.8,42.7,NA,80.2,89.6,36.5
1990-03-01,NA,NA,21.6,NA,19.5,102.3,53.2,NA,NA,43.1,NA,NA,58.6,53.4,59.4,14.6,16.9,87.7,37.8,75.3,NA,63.8,94,46.8
1990-04-01,NA,NA,3.7,NA,0,42.8,21.5593220338983,NA,NA,0,NA,NA,1,0,4.4,17.8,4.4,44.6,18.8,49.3,NA,16.4,92.6,38.9
1990-05-01,NA,NA,0,NA,0,28.6,4,NA,NA,0,NA,NA,9.8,7.6,8.5,0,0,5.3,5.8,33,NA,0,14.5,5.5
1990-06-01,NA,NA,0,NA,0,34.2,0,NA,NA,0,NA,NA,10.2,0,1,0,0,6,0.7,3.3,NA,4.9,45.4,0
1990-07-01,NA,NA,0,NA,0,8.7,4,NA,NA,0,NA,NA,0,0,0,0,0,0,0,0,NA,0,10.3,0
1990-08-01,NA,NA,0,NA,0,0,0,NA,NA,3.2,NA,NA,0,0,0,0,0,0,0,4.8,NA,0,0.7,0
1990-09-01,NA,NA,3.2,NA,0,51.9,11.7966101694915,NA,NA,0,NA,NA,3.2,0,1.5,0,0,1.8,5.5,9.5,NA,5.5,23.9,0
1990-10-01,NA,NA,47.4,NA,0,145.4,123.173333333333,NA,NA,60.1,NA,NA,71.9,6.6,139,0,13.6,105.7,76.5,132.5,NA,99,133.8,107
1990-11-01,NA,NA,61.9,NA,7.5,115.8,72.7118644067797,NA,NA,97.4,NA,NA,51.1,33,82.7,0,0,118.779661016949,70.3,117.6,NA,87.4,99.9,61
1990-12-01,NA,NA,48.1,NA,0,94.8,66.1672131147541,NA,NA,67.6,NA,NA,34.4,24.5,113.3,60.2,18.7,NA,63.5,61.4,NA,39.5,75.7,0
1991-01-01,NA,NA,38.2,NA,0,107.5,82.9766666666667,NA,NA,54.9,NA,NA,23.1,16.1,49.1,37.5,2.2,114.4,59.2,57.6,NA,30.4,63.6,31.6
1991-02-01,NA,NA,60.8,NA,0,88.3,81.8,NA,NA,31.6,NA,NA,53.5,20.7,146.2,67.2,13.1,44.4,57.9,73.3090909090909,NA,82.1,87.6,0
1991-03-01,NA,NA,137.5,NA,12.2,188.2,145.9,NA,NA,133.8,NA,NA,114.3,80.8,110.177049180328,140.12,48.5,173,120.6,NA,NA,119.7,110.6,156.2
1991-04-01,NA,NA,16.2,NA,1.1,44.8,73.3,NA,NA,41.7,NA,NA,24.8,15.5,26.1509433962264,17,1,55.3,31.3,99.4,NA,38.3,66.2,0
1991-05-01,NA,NA,5.8,NA,0,23.3,71.4,NA,NA,28.3,NA,NA,8.1,0,0.9,0,0,0,9.4,42.1,NA,37.7,33.6,152.5
1991-06-01,NA,NA,0.101694915254237,NA,0,4.1,0,NA,NA,54.8,NA,NA,0,0,0,0,0,0,0,0,NA,0,2.7,0
1991-07-01,NA,NA,1.1,NA,0,2.8,0,NA,NA,0,NA,NA,0.7,0,0,0,0,0,2.84590163934426,4.7,NA,0,3.6,0
1991-08-01,NA,NA,0,NA,0,0,2.54098360655738,NA,NA,0,NA,NA,0,0,0,0,0,0,0,0,NA,0,1.5,0
1991-09-01,NA,NA,7.1,NA,0,31.9,28.4,NA,NA,0,NA,NA,0,0,0,0,0,0,7.52542372881356,0,NA,0,18.6,0
1991-10-01,NA,NA,48,NA,0,75.5,68.2,NA,NA,0,NA,NA,56.7,30.9,0,13.1,14.1,61,64.4393442622951,61.5,NA,62,133.2,62
1991-11-01,NA,NA,35.2,NA,0,83,35.6949152542373,NA,NA,0,NA,NA,13.3,13.7,14.3,10.1,3.4,43,45.2542372881356,76,NA,0,85.8,0
1991-12-01,NA,NA,17.7,NA,14.7,44,62.1,NA,NA,0,NA,NA,30.7,5.3,16.8,6,4.4,63,37.6065573770492,32.9,NA,NA,86.6,0
1992-01-01,NA,NA,13.4,NA,0,52.5,7.7,NA,NA,0,NA,NA,22,12.7,39.5,83.3,0,56.1,35.3,2.3,NA,68.1,67.3,27.3
1992-02-01,NA,NA,12.6,NA,12.4,66.5,49.9,NA,NA,76.8,NA,NA,27,15.4666666666667,23.8,82.9,2.1,31.3,40.8035087719298,71,NA,31.6,67.5,NA
1992-03-01,NA,NA,50.2,NA,17.7,98.8,63.7,NA,NA,150.2,NA,NA,80.2,38.1,48.7,37,15.3,92.1,80,112.7,NA,54.7,NA,47.4
1992-04-01,NA,NA,35.6,NA,0,28.1694915254237,53.1864406779661,NA,NA,52.3,NA,NA,13.6,5.8,23.5,12.1,1.6,57.6,25.8,49.8,NA,48.6,68.5,51.6
1992-05-01,NA,NA,0.2,NA,0,0,7.44,NA,NA,22,NA,NA,7.2,0,2.6,0,0,0,0,29.9,NA,0,18.9,0
1992-06-01,NA,NA,0,NA,0,5.5,5,NA,NA,5.3,NA,NA,0,0,3.4,0,0,0,0,18.2,NA,6.1,32.6,20.7
1992-07-01,NA,NA,0,NA,0,3.4,0,NA,NA,0,NA,NA,0,0,0,0,0,0,0,0,NA,NA,1.1,0
1992-08-01,NA,NA,3.6,NA,0,36.4,17.7,NA,NA,0,NA,NA,0,0,0.4,0,0,0,1.7,13.1,NA,NA,15.1,0
1992-09-01,NA,NA,4,NA,0,23.5,0,NA,NA,10.8,NA,NA,0,0,6.6,0,0,0,6.4,49.2,NA,0,32.7,24.3
1992-10-01,NA,NA,18.2,NA,0,63.2,43,NA,NA,61.7,NA,NA,53.7,11.3,19.9,7.2,3.8,109.2,NA,77,NA,36.4,112.2,52.3
1992-11-01,NA,NA,5.1,NA,0,76.1,18.5,NA,NA,0,NA,NA,16.9,0,22.8,0.3,0.8,1.5,33.5,44.5,NA,18.2,65.7,0
1992-12-01,NA,NA,8.9,NA,0,40.6,31,NA,NA,29.8,NA,NA,6.5,29.8,17.3,6.7,1.4,25.3,19.3,46.7,NA,0,23,0
1993-01-01,NA,NA,76.4,NA,0,120.9,190.6,NA,NA,82.1,NA,NA,41.3,29.5,89.2,107.8,20.7,161.9,97.6,150.6,NA,38.3,190.5,105.1
1993-02-01,NA,NA,89,NA,50.9,128.1,205.672727272727,NA,NA,51.9,NA,NA,163.9,27.8,127.7,129.9,26.7,119.8,100.5,132,NA,138.6,166.2,147
1993-03-01,NA,NA,144.1,NA,122,188.6,224.8,NA,NA,195.6,NA,NA,270.1,158.9,147,211.7,33.2,154.8,118.4,247,NA,134.5,215.7,232.8
1993-04-01,NA,NA,66.6,NA,28.8,124.9,181.6,NA,NA,94.3,NA,NA,219.7,42.3,112.067796610169,103.4,4.7,124,72.7,155.6,NA,135.8,147.2,193.2
1993-05-01,NA,NA,11.6,NA,4.5,21.1,17.9,NA,NA,0,NA,NA,9.3,0,0.813114754098361,8.1,1,34.6,18.2,28.5,NA,79.9,72.7,28.6
1993-06-01,NA,NA,0,NA,0,7.9,0,NA,NA,0,NA,NA,0,0,0,0,0,0,0,0,NA,15.2,14.2,0
1993-07-01,NA,NA,0.3,NA,0,11,4.5,NA,NA,0,NA,NA,0,0,0,0,0,0,0,5.4,NA,0,10.3,0
1993-08-01,NA,NA,0,NA,0,13.9,10,NA,NA,0,NA,NA,0,3.4,0,0.3,0,0,0,0,NA,0,8.7,0
1993-09-01,NA,NA,1.1,NA,0,69.5,12.2033898305085,NA,NA,0,NA,NA,12.2,0,9,0,0,15,12.5,47.4,NA,23.7,115.1,60.1
1993-10-01,NA,NA,33.9475409836066,NA,0,86.6,73.1803278688525,NA,NA,0,NA,NA,100.6,12.9,84.4622950819672,40.3,6.2,94.727868852459,69.9,152,NA,39.4,139.3,58.3
1993-11-01,NA,NA,56.2,121.830508474576,0,160.9,129.3,NA,NA,0,NA,NA,94.7,16,86.6440677966102,58.8,9.7,151.5,99.9,128.3,NA,29.2,191.1,162.2
1993-12-01,NA,NA,64.1,116.7,13.2,183.1,90.0524590163934,NA,NA,0,NA,NA,232.5,32,247.4,93.8,10.4,126.7,104,181.8,NA,161.4,247.1,184
1994-01-01,NA,NA,97.5,179.3,33.8,167.1,203.990163934426,NA,NA,227.4,NA,NA,209.7,43.9,129,142.7,28.1,128,100.9,135.5,NA,105.5,185.3,165.3
1994-02-01,NA,NA,136.5,216.5,42.4,175.8,150.4,NA,NA,263.7,NA,NA,149.8,50.4,127.3,185.3,39.1,217.9,130.2,144.6,NA,136.4,193.9,112.4
1994-03-01,NA,NA,104.4,177.4,5.3,157.9,160.590163934426,NA,NA,149.6,NA,NA,219.8,60.4,163.9,115.4,18.9,172.4,130.1,253.9,NA,187.6,265.6,267.5
1994-04-01,NA,21.5,38.7,83.8,4.7,89.5,92.2,NA,NA,111.2,NA,NA,81.8,14.1,110.5,57,18.3,57.9,61.6,112.9,NA,43.7,159.7,151.4
1994-05-01,NA,3.6,8.2,1.7,0,22.7,26.1,NA,NA,0,NA,NA,14.8,6.5,45.4,0,0.7,30.4,14,40.1,NA,55.8,83.5,0
1994-06-01,NA,0,0,0,0,13.4,0,NA,NA,0,NA,NA,0,0,1.7,0,0,0,0,3.8,NA,0,6.7,0
1994-07-01,NA,0,0,0,0,0,0,NA,NA,0,NA,NA,0,0,1.9,0,0,0,0.7,0.6,NA,0,NA,0
1994-08-01,NA,0,0,0.5,0,0,4,NA,NA,0,NA,NA,0,0,0.748275862068966,0,0,0,0,4.8,NA,0,NA,0
1994-09-01,NA,1.8,11.3,10.1,0,48.2,39,NA,NA,0,NA,NA,0,0,NA,13.8,0,11.4,9.4,36.9,NA,0,27,0
1994-10-01,NA,1.2,0,8.8,0,57.6,7.8,NA,NA,7.5,NA,NA,4.3,0,8.9,0,0.1,7.4,7.1,52,NA,0,90.1,0
1994-11-01,NA,1.5,19.1,23.2,0,52.9,45.1,NA,NA,0,NA,NA,45,7.7,56.8,10.4,0,5.8,40.3,56.4,NA,0,65.9,0
1994-12-01,NA,18.9,42.7,73.6,14.7,80.1,94,NA,NA,98.7,NA,NA,59.8,36.8,47.9,74.4,10.1,53.8,65.9,82.6,NA,0,134.3,0
1995-01-01,NA,22.4,69.5,73.2,30.8,112.2,75.8,NA,NA,97.6,NA,NA,137.4,36,73.3,79.7,22.7,81.6,74.3,46.4,NA,NA,122.3,NA
1995-02-01,NA,22.2,33.9,52.2,10.1,98.5,111.5,NA,NA,132.7,NA,NA,55.7,36,35.2,63.6,4.8,38.4,31.5,98.4,NA,NA,36.8,NA
1995-03-01,NA,32.9,67.6,104.3,10.7,152,133.5,NA,NA,226.4,NA,NA,126.3,25.2,140.1,105.9,14.2,149.3,79.9,144.3,NA,NA,199.4,NA
1995-04-01,NA,7.3,39.3,56.6,0,75.5,79.5,NA,NA,21.2,NA,NA,38.4,8.5,59.4,84,7,54.1,46.5,128.9,NA,NA,90,NA
1995-05-01,NA,0,3.7,6.3,0,53.1,NA,NA,NA,0,NA,NA,16.5,0,9,13.3,1.2,6.9,8.6,39,NA,NA,62,NA
1995-06-01,NA,0,0,0,0,22,2.5,NA,NA,0,NA,NA,0,0,5.1,0,0,0,0,0.6,NA,NA,6.9,NA
1995-07-01,NA,0,0,0,0,1,0,NA,NA,0,NA,NA,0,0,1.2,0,0,8.3,3.4,0,NA,NA,8.1,NA
1995-08-01,NA,0,0,0,0,0,0,NA,NA,0,NA,NA,0,0,4.4,0,0,0,0,4.5,NA,NA,5.5,NA
1995-09-01,NA,0,0.5,3.1,0,35.7,9.3,NA,NA,7.2,NA,NA,0,0,7.3,0,0,3.1,4.6,18.4,NA,NA,NA,NA
1995-10-01,NA,10.4,7.8,7.5,2.2,87.7,21.3,NA,NA,14.2,NA,NA,28.5,0,43.2,25.4,0.9,28.8,32.2,75.2,NA,NA,NA,NA
1995-11-01,NA,3.3,44,47,1,75.5,72,NA,NA,49.3,NA,NA,50.5,13.7,49.4,67.9,15.2,97.5,63.9,79.8,NA,NA,NA,NA
1995-12-01,NA,2.1,59.5,126.6,5.2,142.2,104.6,NA,NA,92.2,NA,NA,71.6,20.6,85.5,57.7,19,49.4,74.3,124.8,NA,NA,NA,NA
1996-01-01,NA,37.6,99.3,109,15,107.9,118.6,NA,NA,171.5,NA,NA,148.4,78.7,121.9,110.1,37,150.1,92.6,135.2,NA,NA,NA,NA
1996-02-01,NA,44.4,134.4,125.9,36.5,141.8,205.5,NA,NA,172.8,NA,NA,161,81.9,96.4,154.4,40.6,137.5,139.7,161,NA,NA,NA,NA
1996-03-01,NA,83.2,105.1,143.9,35.4,147.1,144,NA,NA,214.2,NA,NA,144.3,112.9,125,174.2,55.3,232.3,119.1,208.8,NA,NA,NA,NA
1996-04-01,NA,16.3,30.6,39.2,4.6,139.6,65.8,NA,NA,87.8,NA,NA,55.4,28.5,58.2,38.5,15.2,96.1,71.2,62.1,91.6,NA,NA,NA
1996-05-01,NA,0,0,8.5,0,34,11.5,NA,NA,26.5,NA,NA,21.7,7.5,3.9,0,0,1.8,3.5,28.2,24.8,NA,NA,NA
1996-06-01,NA,0,0,0,0,2.6,0,NA,NA,0,NA,NA,0,0,0,0,0,0,0,0,0,NA,NA,NA
1996-07-01,NA,0,0,0,0,0,0,NA,NA,0,NA,NA,0,0,0,0,0,0,0,0,0,NA,NA,NA
1996-08-01,NA,0,0,4.2,0,19.5,1.63157894736842,NA,NA,0,NA,NA,0,0,2,0,0,0,0,6.8,6.1,NA,NA,NA
1996-09-01,NA,0,0.4,0.6,0,22.9,1.5,NA,NA,0,NA,NA,9.3,0,6.1,0,0,0,0,17.8,49.2,NA,NA,NA
1996-10-01,NA,0.7,12.7,35.3,3.7,41.7,37,NA,NA,15.2,NA,NA,36.2,4.6,26.5,10.9,2.8,27.6,20.9,100.070175438596,42.6,NA,NA,NA
1996-11-01,NA,1,13.7,20.6,0.5,33.9,41.5,NA,NA,5.7,NA,NA,30.2,1.2,21.4,6,1.3,0,16.9,43.2,50.1,NA,NA,NA
1996-12-01,NA,9.3,43.5,76.5,9.9,60.3,76.9,NA,NA,74.8,NA,NA,55.4,7.7,61.8,42.3,20.6327868852459,23.6,70.7,76.9,30.1,NA,NA,NA
1997-01-01,NA,17.6,66.9,108.5,12.4,85.9,83.7,NA,NA,91.5,NA,NA,64.1,31.4,88.3,94.4,18,53.8,82.5,106.5,63.2,NA,NA,NA
1997-02-01,NA,31.6,78.3,168.2,37.1,125.7,174.9,NA,NA,108.1,NA,NA,165.1,88.3,115.7,135.5,22.2,109.4,96.5,142.5,177.8,NA,NA,NA
1997-03-01,NA,27,16.7,55.7,6.4,61.3,58.8,NA,NA,45.9,NA,NA,39.9,11.4,40.5,65.8,4.3,53.7,44.2,44.2,45.3,NA,NA,NA
1997-04-01,NA,10,0,25.7,3.4,20.9,51,NA,NA,32.9,NA,NA,22.7,14.3,26.8,46.3,0.9,48.3,6.4,49.9,58.6,NA,NA,NA
1997-05-01,NA,4,0,4.5,1.5,12,6,NA,NA,0,NA,NA,10.1,10.3,0,0,0,0,0,16.2,27.6,NA,NA,NA
1997-06-01,NA,0,0,0,0,5.9,0,NA,NA,0,NA,NA,0,0,0,0,0,0,0,0,0,NA,NA,NA
1997-07-01,NA,0,0,0,0,1.4,0,NA,NA,0,NA,NA,0,0,0,0,0,0,0,0,2.5,NA,NA,NA
1997-08-01,NA,0,0,0.4,0,13.4,2.8,NA,NA,0,NA,NA,0,0,0,0.3,0,0,0.6,1.7,8.8,NA,NA,NA
1997-09-01,NA,0.3,0.7,15.9,0,41.3,28,NA,NA,8,NA,NA,8.7,12.7,14,3.9,0,13,12,23.6,21.4,NA,NA,NA
1997-10-01,NA,0,13.8,25.4,3.2,52.2,27.8,NA,NA,11,NA,NA,22.6,15.7,24.2,9.2,4.5,6.5,13.4,49.3,33.1,NA,NA,NA
1997-11-01,NA,24.5,42.3,63.6,6,101.3,46.7,NA,NA,128.2,NA,NA,83.6,40.5,64.4,62,4.7,83.5,45.4,77.7,68.7,NA,NA,NA
1997-12-01,NA,49.6,107.7,233.9,54.6,111.4,164.3,NA,NA,181.6,NA,NA,176.9,155.1,125.3,181.4,43.3,197.4,116.2,200.5,140.9,NA,NA,NA
1998-01-01,NA,89,185.1,162.7,108.7,160.9,230.1,NA,NA,251.8,NA,NA,229.6,172,178.1,259.2,74.3,216.2,140,246.2,138.2,NA,NA,NA
1998-02-01,NA,81.8,122.8,179.5,99.8,127.4,179.7,NA,NA,307.6,NA,NA,196.2,154.661818181818,112.3,236.4,45,115,83.7,203.4,168.7,NA,NA,NA
1998-03-01,NA,143.1,70.9,153.1,112.8,151.8,181.4,NA,NA,234.2,NA,NA,154.7,195.9,123.3,308,88.9,284,133.2,173.3,139.2,NA,NA,NA
1998-04-01,NA,7.6,12.6,46.9,8.9,41.2,55.1,NA,NA,63.4,NA,NA,70.2,0,20.9,66.5,0.7,61.1,41.6,138.4,70.5,NA,NA,NA
1998-05-01,NA,2.7,0,2.7,0,12.2,9.1,NA,NA,0,NA,NA,0,0,2,0,0,0,0,30.6,11.9,NA,NA,NA
1998-06-01,NA,0,0,3.1,0,4.6,0,NA,NA,0,NA,NA,0,0,2.5,0.508474576271186,0,0,5.2,15.6,15.4,NA,NA,NA
1998-07-01,NA,0,0,0,0,0,0,NA,NA,0,NA,NA,0,0,0,0,0,0,0,0,0,NA,NA,NA
1998-08-01,NA,0,0,4.5,0.4,4.2,0,NA,NA,0,NA,NA,0,0,0,0,0,0,0,5.8,0.3,NA,NA,NA
1998-09-01,NA,0.7,0,6,0,10.9,10.5,NA,NA,0,NA,NA,3.4,9.1,11.9,1.2,0,NA,10,38.8,14.4,NA,NA,NA
1998-10-01,NA,0,27.2,69.7,5.4,58.2,53.2,NA,NA,31.5,NA,NA,66.4,3.1,58.5,13.7,2.6,54.3,24.6,150.4,81.5,NA,NA,NA
1998-11-01,NA,0,13.7,16.4,0.8,66.7,25.3,NA,NA,18.4,NA,NA,8.4,4.2,33.6,1.5,0,53.2,34.5,26.6,70.9,NA,NA,NA
1998-12-01,NA,6.8,27.6,59.8,2.9,38.9,76,NA,NA,44.7,NA,NA,38.7,14.6,32,38.9,8.2,69.1,43.2,39.4,48.6,NA,NA,NA
1999-01-01,NA,35.5,87.2,138,14.1,118.3,124.1,NA,NA,160.3,NA,NA,123.8,37.7,101.6,102.5,36.5,119.8,92.9,132.2,107.8,NA,NA,NA
1999-02-01,NA,218.9,187.2,247.9,142,239.2,270.2,NA,NA,286.1,NA,NA,254.4,251,193.2,314.1,88.3,237.6,200.6,213.5,192,NA,NA,NA
1999-03-01,NA,56.3,102.2,108.3,21.8,113.8,136,NA,NA,202.7,NA,NA,116.4,65.2,85.7,165.8,13.3,186.9,105.1,129.1,128.3,NA,NA,NA
1999-04-01,NA,45,31.1,55.5,16.8,98.3,49.5,NA,NA,82.3,NA,NA,52.6,57.9,52.6,68.4,12.6,84.4,56,104.3,79.2,NA,NA,NA
1999-05-01,NA,12.1,7,48.9,11.6,34.8,14.8,NA,NA,19.8,NA,NA,34.5,20.5,38.5,55.7,13.4,62.6,40.9,62.2,21.4,NA,NA,NA
1999-06-01,NA,0,0.6,14.5,0,13.7,3.2,NA,NA,0,NA,NA,15.6,0.8,0,0,0,0,3,9.3,12.8,NA,NA,NA
1999-07-01,NA,0,0,0,0,5.7,0,NA,NA,0,NA,NA,3.5,0,4.2,0,0,0,0,0,8.4,NA,NA,NA
1999-08-01,NA,0,0,0.5,0,3.6,0,NA,NA,0,NA,NA,0,0,0,0,0,0,0,0.7,11.5,NA,NA,NA
1999-09-01,NA,1.1,0.8,17.1,0,70.1,11.5,NA,NA,0,NA,NA,12.4,8.6,31.9,4,0,33.7,21.9,62.5,38.3,NA,NA,NA
1999-10-01,NA,1.9,34.1,46.9,3.5,51,25.7,NA,NA,58.8,NA,NA,41.7,18.8,57.1,19.5,3.3,50.1,37.2,47.9,33.6,NA,NA,NA
1999-11-01,NA,6,6.6,40.3,0,92.5,24,NA,NA,52.9,NA,NA,73.1,3.9,50.3,19,0.5,56.3,17.8,96.4,73.5,NA,NA,NA
1999-12-01,NA,17.6,26.2,90.6,10,93.5,130.504918032787,NA,NA,121.4,NA,NA,80.8,21.9,76.9,58.9,3.2,108.8,95.7,111.7,98.6,NA,NA,NA
2000-01-01,NA,60.2,107.4,149.8,29.1,75.4,92,NA,NA,123.4,NA,NA,104.5,64.2,120.6,142.6,25.5,284,65.5,59.5,137.5,NA,NA,NA
2000-02-01,NA,87,108.8,187.6,35.6,124.1,207,NA,NA,187,NA,NA,162.3,89.1,124,199,42,307.6,83.9,189.5,84.6,NA,NA,NA
2000-03-01,NA,35.3,99.3,138.7,42.4,112.7,149.3,NA,NA,85.2,NA,NA,135.1,48.5,104.9,154.6,32.2,240.6,66.3,124.5,167.8,NA,NA,NA
2000-04-01,NA,6.5,53.2,64.7,2.8,100.3,49.7,NA,NA,46.5,NA,NA,70.4,29.8,63.4,58.3,9.4,83.2,35.4,90.6,43.4,NA,NA,NA
2000-05-01,NA,0.9,21,23.9,5.5,34.8,41.5,NA,NA,20.6,NA,NA,22.8,10.8,35.9,29.2,0,46.9,21,48.8,15.5,NA,NA,NA
2000-06-01,NA,0,0,0,0,11.3,0,NA,NA,0,NA,NA,0,0,0.6,0,0,0,0,0,9.2,NA,NA,NA
2000-07-01,NA,0,0,1.4,0,6.3,0,NA,NA,0,NA,NA,0,0,2.7,0,0,0,0,0,11.6,NA,NA,NA
2000-08-01,NA,0,0,10.7,0,34.4,16.3,NA,NA,0,NA,NA,4.6,0,4.5,0,0,0,0,29.2,0,NA,NA,NA
2000-09-01,NA,0.9,0.5,13.6,0,24.1,14.5,NA,NA,0,NA,NA,14.5,1.6,26.4,3.9,0,30.1,7.5,31.7,11.4,NA,NA,NA
2000-10-01,NA,2,7.6,41.5,0,13.4,70.9,NA,NA,35.8,NA,NA,37.8,17.6,60.1,19.9,0,50.1,5.9,42.5,42.9,NA,NA,NA
2000-11-01,NA,1.5,14.8,29.8,3.5,40.8,22.5,NA,NA,40.6,NA,NA,28.5,7.3,29.5,14.1,4.3,61.4,12,39,60.6,NA,NA,NA
2000-12-01,NA,21.9,132.2,151.7,9.04590163934426,85.5,137.9,NA,206.1,150,NA,NA,112.6,50,135.1,123.3,27.1,285.6,57.4,164.8,78.2,NA,NA,NA
2001-01-01,NA,61.6,169.7,166.3,22.2,124.6,229.7,NA,233.8,174.5,NA,NA,187.1,98,143.3,244.7,58.3,259.891803278689,84.2,220.7,127.7,NA,NA,NA
2001-02-01,NA,71.6,70.8,114.3,21.2,63.6,139.9,NA,259.3,122.3,NA,NA,118.6,132,87,122,19.6,169.5,57.4,123.2,65.3,NA,NA,NA
2001-03-01,NA,74,143.5,250.4,39.1311475409836,133.4,266.1,NA,262.8,291.3,NA,NA,203.9,112.1,149.9,272.4,59.8,356.9,138.5,259.1,169.9,NA,NA,NA
2001-04-01,NA,14.7,36,41.2881355932203,18.6,37.1,46.3,NA,66.3,0,NA,NA,56.2,34.5,33.9,39.3,1.1,48.9,10.5,48.2,79.8,NA,NA,NA
2001-05-01,NA,0,6.2,8.3,0.101639344262295,38.3,6,NA,49,18.9,NA,NA,5.7,0,10.0622950819672,0.7,0,23,0,30.6,27.4,NA,NA,NA
2001-06-01,NA,0,0,1.3,0,5.5,0,NA,0,0,NA,NA,0,0,7.5,0,0,0,0,13.9,20.6,NA,NA,NA
2001-07-01,NA,0,0,0.3,0,5.1,2.5,NA,14.4,0,NA,NA,0,0,0,0,0,0,0,0,30.1,NA,NA,NA
2001-08-01,NA,0,0,0,0,6.9,0,NA,12,0,NA,NA,0,0,0,0,0,0,0,0.1,22.1,NA,NA,NA
2001-09-01,NA,0,1,14.5,0,35.1,37.2,NA,53.6,0,NA,NA,29.7,4.4,26.4,7.6,0,31.9,9,84.4,15.1,NA,NA,NA
2001-10-01,NA,0.4,12.9,39,1.1,76.6,59,NA,67.9615384615385,37.7,NA,NA,37.9,6.6,35.6,10.5,3.1,65.4,4,66.8,66,NA,NA,NA
2001-11-01,NA,14.135593220339,67.2,117.6,5,99.1,134.1,NA,94.7,98.5,NA,NA,94.7,21.9,104.9,80.8,17.6,166.8,109.6,172.4,97.9,NA,NA,NA
2001-12-01,NA,NA,28.7,66.4,3.2,90.4,96.5,NA,117.5,37.5,NA,NA,64.8,8.3,66,52.1,7.9,68.1,17.7,56,145.4,NA,NA,NA
2002-01-01,NA,4.1,19.1,51.5311475409836,0.9,56.7,68.3016393442623,NA,34.3,69.3,NA,NA,38.2,18.6,92,56.7,4,69.7,30.4,87.3,43.3,NA,NA,NA
2002-02-01,NA,104.3,87.3,110.2,48.9,82.5,177.774545454545,NA,161.1,182.8,NA,NA,95.3,64.8,65.1,129.3,13.7,135.4,39.8,99.1,79.7,NA,NA,NA
2002-03-01,NA,54.5,88.9,165.3,28.4,132.4,193.52131147541,NA,250.1,180.8,NA,NA,158,69.1,96.9,145,24.2,244.9,40.2,175.3,106.3,NA,NA,NA
2002-04-01,NA,21.8,64.9,95.8,14.3,69.6,103.7,NA,76.9,96.5,NA,NA,107.5,36.5,45.5,116.9,19.7,76.9,33.8,58.8,65.2,NA,NA,NA
2002-05-01,NA,0,1.2,6.3,0,17.1,12.7049180327869,NA,30.1,12.4,NA,NA,0,0,8.6,0,0,0,0,24.7,26.3,NA,NA,NA
2002-06-01,NA,0,0,7,0,1.8,0,NA,0,0,NA,NA,0,0,2.1,0,0,0,0,7.7,2.6,NA,NA,NA
2002-07-01,NA,0,0,0,0,27.7,0,NA,27.4,0,NA,NA,0,0,0,0,0,0,0,0,72.0622950819672,NA,NA,NA
2002-08-01,NA,0,0,0,0,2.6,0,NA,2.1,0,NA,NA,0,0,2.1,0,0,0,0,0,18.6,NA,NA,NA
2002-09-01,NA,5.1,46,15.6,1.4,18.5,15,NA,21.9,15.3,NA,NA,8.2,9.7,17.2,15.2,2.84745762711864,27,0,22.3728813559322,69.2,NA,NA,NA
2002-10-01,NA,4.37049180327869,31.3049180327869,65,0.5,87.3,108.5,NA,88.3,64.8,NA,NA,59.9672131147541,20.1,73.5,33.1344262295082,NA,97.472131147541,26,NA,108,NA,NA,NA
2002-11-01,NA,23.8,58.2,67.5,9.2,96.8,76.9,NA,119.6,73.1,NA,NA,89.2,23,73.9,71.4,21.1,162.8,35.9,155.3,95.2881355932203,NA,NA,NA
2002-12-01,NA,5.1,74.9,83.4,0.3,85,115.3,NA,129.9,59.9,NA,NA,80.1,20.7,93.1,30.6,6.3,108.9,50.2,157,114.4,NA,NA,NA
2003-01-01,NA,22,60.9,91.2,11.5,44.5,102,NA,115.8,94.4,NA,NA,95.7,48.6,89.7,79.9,8.2,217,64.1,116.2,116,NA,NA,NA
2003-02-01,NA,35.2,68.2,105.5,14.8,63,78.7,NA,83.1,68.9,NA,NA,106.2,39.3,96.3,110.6,21.8,NA,49,109,111.4,NA,NA,NA
2003-03-01,NA,53,90.6,114.2,15.4,104.6,130.6,NA,170.7,145.5,NA,NA,130.3,81.1,121.7,142.9,23.1,339.4,85.3,163.5,144.2,NA,NA,NA
2003-04-01,NA,7.4,40.9,39.3,0,51.8,69,NA,39.3,38.6,NA,NA,45.2,14,37,25.9,9.9,113.8,26,66.2,102.8,NA,NA,NA
2003-05-01,NA,0,0,4.1,0,25.8,3.5,NA,50.8196721311475,0,NA,NA,0.3,0,0,0,0.2,0,0,27.1,74.6,NA,NA,NA
2003-06-01,NA,0,0,0,0,7.1,0,NA,NA,0,NA,NA,0,0,0,NA,0,0,0,8.9,12.4,NA,NA,NA
2003-07-01,NA,0,0,0,0,1.9,0,NA,NA,0,NA,NA,1.2,0,0,0,0,0,0,6.4,0,NA,NA,NA
2003-08-01,NA,0,0,0,0,15.3,0,NA,25.7,0,NA,NA,0,0,1.3,0,0,0,0,0,17.9,NA,NA,NA
2003-09-01,NA,0,0,0,0,15.2,0,NA,21,0,NA,NA,0.1,0,11.3,0,0,0,0,2.9,24.9,NA,NA,NA
2003-10-01,NA,2.8,7.5,25.4,0.5,29.9,27.3,NA,24.3,29.3,NA,NA,22.7,4,15.8,6.2,1.5,36.5,0,57.4,58.2,NA,NA,NA
2003-11-01,NA,1.9,13.2,18.2,0,57.9,15.8,NA,84,25.5,NA,NA,12.6,3,8.7,5.9,7.8,30.7,21,39.8,128.9,NA,NA,NA
2003-12-01,NA,46.5,80.2,153.1,20.3,147,126.5,NA,162.4,146,NA,NA,114.5,56.5,87.7,122.1,22.9704918032787,160.2,61.7,NA,153.1,NA,NA,NA
2004-01-01,NA,6.4,27.7,32.5,5.1,33.3,23.4,NA,40.9,38.8,NA,NA,29.9,24.4,36.3,23.1,NA,34.9,7.3,47,29.9,NA,NA,NA
2004-02-01,NA,42.8,46.2,155.3,22.5,80.7,72.5,NA,107.7,85.2,NA,NA,77.2,121.2,78.7,155.9,33.1719298245614,154.7,76.9,126.6,84.9,NA,NA,NA
2004-03-01,NA,44.9,59.8,86.2,10.4,53.8,107.6,NA,115,NA,NA,NA,73.8,42.1,57.4262295081967,106.5,NA,105.7,76.6,119.4,86.5,NA,NA,NA
2004-04-01,NA,14.9,27.7,45,3.2,22.5,37.3220338983051,NA,30.1,NA,NA,NA,43.1,8.2,NA,63.1,NA,42,22.7796610169492,84.6,29.4,NA,NA,NA
2004-05-01,NA,0,0,3.6,0,12.2,0,NA,33.6,NA,NA,NA,0,2.4,0,0,0.5,19.7,0,24.6,39,NA,NA,NA
2004-06-01,NA,0,0,0,0,12.2,6.5,NA,10.1,NA,NA,NA,1.2,0,6.8,0,0,7,0,4.5,35.9,NA,NA,NA
2004-07-01,NA,0,3.2,4.4,0,21.2,0,NA,20.9377049180328,NA,NA,NA,0.6,0,0,0,0,0,0,0.8,20.8,NA,NA,NA
2004-08-01,NA,0,0,0,0,5,0,NA,NA,NA,NA,NA,0,0,0,NA,0,0,0,0,16.1,NA,NA,NA
2004-09-01,NA,0,10.8,24,0,38.2,44.9,NA,NA,NA,NA,NA,4.6,2.2,22.3,4.7,0.6,24.3,26,59.6,48,NA,NA,NA
2004-10-01,NA,6.3,14.8,63.6,0.3,89.4,50.3,NA,NA,NA,NA,NA,38.1,9.3,56.4,19.5,13.2,57.9,41.4,105.2,121.6,NA,NA,NA
2004-11-01,NA,5.4,47.4,74.3,1,87,83.4,NA,NA,NA,NA,NA,53.4,7.6,95.6,52.7,17.4,123.1,94,110.8,94.7,NA,NA,NA
2004-12-01,NA,37,62.8,95.5,10.2,93.2,118,NA,NA,NA,NA,NA,62.1,36.3,96.6590163934426,86.9,19.5,202.4,93.3,123.7,150.7,NA,NA,NA
2005-01-01,NA,32.8,45.6,74.6,5.7,57.8,67,NA,83.2,NA,NA,NA,67,28,NA,63.5,11.2,92.5,64.2,95.7,50,NA,NA,NA
2005-02-01,NA,29.8,25,66.6909090909091,6.8,70.56,86.4436363636364,NA,114.6,NA,NA,NA,46.4,12,41.3381818181818,68.6,4.58181818181818,66.3,63.0254545454545,73.7,123.9,NA,NA,NA
2005-03-01,NA,36.4,84.8,124.1,6.7,NA,172.3,NA,145.6,NA,NA,NA,98.3,30.4,105.6,131.1,15.4,171.1,110.3,200.8,123.9,NA,NA,NA
2005-04-01,NA,9.7,2.4,17,1.4,37.4,50.5,NA,62.6,NA,NA,NA,15,26.9,9.5,33.6,1.7,48.2,16.2,69.9,43.3,NA,NA,NA
2005-05-01,NA,0,0,2.2,0,21.6,8,NA,3.1,NA,NA,NA,2.2,0,4.1,0,0,0,0,25.6,32.7,NA,NA,NA
2005-06-01,NA,0,0,0,0,1.9,0,NA,0,NA,NA,NA,0,0,0,0,0,0,0,0,0,NA,NA,NA
2005-07-01,NA,0,0,0,0,0.8,0,NA,0.7,NA,NA,NA,0,0,0,0,0,0,0,0,21.8,NA,NA,NA
2005-08-01,NA,0,0,3,0,4.1,3.5,NA,4.8,NA,NA,NA,1.3,0,3.9,0,0,5.7,0,9.5,12.1,NA,NA,NA
2005-09-01,NA,0,0,0.6,0,15.4,0,NA,19.2,NA,NA,NA,0,0,0.5,0,0,0,NA,18.1,34,NA,NA,NA
2005-10-01,NA,2,3.1,29.3,0.2,80.6,22,NA,55.5,NA,NA,NA,6.1,0,28,0,0,16.3,6.7,46.6,89.7,NA,NA,NA
2005-11-01,NA,0,4.1,12.2,1.5,39.8,15.5,NA,31.1,NA,NA,NA,17.8,4,23.8,4.3,0,8.5,13.1,NA,92,NA,NA,NA
2005-12-01,NA,20.3,63.5,114.5,5,95.5,110.8,NA,134.7,NA,NA,NA,87,33.2,80.3,122.6,25.4,128.6,78.4,115.7,93.9,NA,NA,NA
2006-01-01,NA,43,80.8,120.4,17.7,77.9,97.4,NA,129,NA,NA,NA,85.5,59.7,70.9,133.3,16.4,117.8,109,101,114.3,NA,NA,NA
2006-02-01,NA,81.7,NA,174,22.2,95.5,138.6,NA,128,NA,NA,NA,111.7,50.8,124.3,187.1,41.4,197.9,113.8,94.8,101.2,NA,NA,NA
2006-03-01,NA,74.8,134.1,214.8,25.7,147.3,181.2,NA,138.9,NA,NA,NA,155.5,102,148.291803278689,255.8,36.7,223.4,182.9,219.9,148.6,NA,NA,NA
2006-04-01,NA,26.2372881355932,96.406779661017,118.4,0,83.5,99,NA,112.9,NA,NA,NA,66.8135593220339,37.3,92.5423728813559,99.5593220338983,28.4,178.474576271186,103.9,141.6,60.3,NA,NA,NA
2006-05-01,NA,0,0,2.8,0,9.3,4.5,NA,9.2,NA,NA,NA,0,0,0.3,0,0,0,0,7.1,12.2,NA,NA,NA
2006-06-01,NA,0,1.4,5.4,0,48.1,4.5,NA,31.1,NA,NA,NA,0,0,11.5,0,1.2,0,3.3,35.7,22.3,NA,NA,NA
2006-07-01,NA,0,0,0,0,6.8,0,NA,7.1,NA,NA,NA,0,0,0,0,0,0,0,4.5,0.5,NA,NA,NA
2006-08-01,NA,0,3.7,3.9,0,7.1,0,NA,13.2,NA,NA,NA,5.8,0,6,0,0,0,0,32.6,12.3,NA,NA,NA
2006-09-01,NA,0.7,1.1,7.2,0.6,41.2881355932203,20.3389830508475,NA,58.2,NA,NA,NA,2.7,0,6.10169491525424,0.8,0,0,3.86440677966102,73.728813559322,51.2,NA,NA,NA
2006-10-01,NA,0,5.99672131147541,26.1,0,67.4,31,NA,104.4,NA,NA,NA,13.9,8.1,35,1.7,0,17.3,8.1,92.4,99.6065573770492,NA,NA,NA
2006-11-01,NA,9.3,25.2203389830508,65.2881355932203,0,104,66,NA,90.8,NA,NA,NA,27.6,7.3,80.8,21.2,5.1,31.2,45.9,126,98.9,NA,NA,NA
2006-12-01,NA,30,94.9311475409836,124.5,8.3,119.1,138.4,NA,69.1,NA,NA,NA,69.1,37.9,92.3,99.9,18.8,139.7,93.7,156.7,138,NA,NA,NA
2007-01-01,NA,32.6,109,92.1,9.7,88.8,108.4,NA,91.2,NA,NA,NA,72.4,48.7,106.3,120.3,27.7,177,111.3,171.9,102.1,NA,NA,NA
2007-02-01,NA,27.3,85.5272727272727,77.1,21.2,30,53.5,NA,66.9,NA,NA,NA,55.9,31,77.4,116.4,25.9,132.5,97.3,87.1,55.6,NA,NA,NA
2007-03-01,NA,92.4,156.32131147541,177.4,28.3,132.1,157.2,NA,183.4,NA,NA,NA,145.6,114.2,148.5,254.2,52.9,243,152.6,224.6,196.5,NA,NA,NA
2007-04-01,NA,23.6,73.8,88.5,1.8,103.8,119.2,NA,83.1,NA,NA,NA,72.2,32.6,55.2,114.6,25.5,84,74.3,173.3,74.9,NA,NA,NA
2007-05-01,NA,0,0,25.2,0,22.2,20,NA,19.6,NA,NA,NA,14.2,4.5,36.6,6.8,0,30.4,24.5,33,40.8,NA,NA,NA
2007-06-01,NA,0,0,0,0,0.9,0,NA,1.2,NA,NA,NA,0,0,0,0,0,0,0,8.3,0.7,NA,NA,NA
2007-07-01,NA,0,0,0,0,6,0,NA,7.6,NA,NA,NA,0,0,0,0,0,0,0,0,54.9,NA,NA,NA
2007-08-01,NA,0,0,0.3,0,6.9,0,NA,4.9,NA,NA,NA,0,0,0,0,0,0,0,2.3,11.9,NA,NA,NA
2007-09-01,NA,0.1,0,0,0,18.5,0,NA,17.6,NA,NA,NA,0,0,6.7,0,0,0,0,4,9.4,NA,NA,NA
2007-10-01,NA,9.2,30.3,29.4,0,111.1,48.2,NA,64.5,NA,NA,NA,22.3,6.6,52.2,17.4,0,46.9,37.2,80.4,123.6,NA,NA,NA
2007-11-01,NA,1.3,0,33.6,0,65.3,16.7,NA,92.9,NA,NA,NA,10.3,3.6,44.9,6.6,0,12.8,9.3,113.2,93.7,NA,NA,NA
2007-12-01,NA,6.1,27,24.1,2.5,72.7,46.5,NA,83.8,NA,NA,NA,24.4,4.1,39.5,35.1,4.5,81.5,50.6,47.6,82.2,NA,NA,NA
2008-01-01,NA,81.3,100,141.6,35.7,100.7,197.986666666667,NA,105.7,NA,NA,NA,107.8,51.1,108.8,116.5,24.5,175.1,164.7,107.9,104.8,NA,NA,NA
2008-02-01,NA,76.9,159.6,171.8,24.8,96.2,148.8,NA,108.8,NA,NA,NA,109.9,72.2,136,172.4,35,192,130.4,116.6,122,NA,NA,NA
2008-03-01,NA,145.7,107.9,132.2,41.7,105.7,92.2,NA,92.2,NA,NA,NA,88.2,137.9,100.7,230,33.9,167.9,107.8,124.3,81.1,NA,NA,NA
2008-04-01,NA,27.6,35.2,51.6,0,89.9,71,NA,39.7,NA,NA,NA,21.8,19,49.9,55,7.1,69.7,36.2,72,34.9,NA,NA,NA
2008-05-01,NA,0,0,0.2,0,28.8,1,NA,16.2,NA,NA,NA,0,0,0,0,0,0,0,7.9,30.4,NA,NA,NA
2008-06-01,NA,0,0,0,0,16.9,0,NA,14,NA,NA,NA,6.5,1.6,5.2,0.3,0,2,0,5.6,13.7,NA,NA,NA
2008-07-01,NA,0,0,0,0,2.3,0,NA,0.6,NA,NA,NA,0,0,0,0,0,0,0,13.6,0,NA,NA,NA
2008-08-01,NA,0,0,3.2,0,13.1,0,NA,1.7,NA,NA,NA,0,0,0,0,0,0,2,11.4,11.4,NA,NA,NA
2008-09-01,NA,0,0,2.3,0,27.7,2,NA,33.2,NA,NA,NA,0,0,2.8,0,0,30.5,0,16.2,39.4,NA,NA,NA
2008-10-01,NA,0.5,26.8,65.2524590163934,1,108.5,55.5,NA,97.1,NA,NA,NA,27.4,2.8,59.6,12.8,0,144.1,81.8,144.2,78.4,NA,NA,NA
2008-11-01,NA,25.6,27.4,35.5,8.3,84.1,39,NA,54.4,NA,41.5,NA,37.9,33.8,17.4,34.9,1.5,47.8,40.6,34.8,71.8,NA,NA,NA
2008-12-01,NA,11.6,56.1,87.9,1,61.1,43.5,NA,122.9,NA,61.6,93.6,52.5,10.1,83.4,44.5,1.9,91.7,77,51.1,53,NA,NA,NA
2009-01-01,NA,90.6,113.7,158.2,41.5,170.2,112.1,NA,167.6,NA,68.6,179.5,109.9,113.3,101,193.7,39.5,200,152.6,198.3,150.3,NA,NA,NA
2009-02-01,NA,137.9,126.4,184.1,40.1,100.1,177.6,NA,134.1,NA,74,145.3,144.3,173.3,104.5,201.4,37,211.2,155.4,118.8,165.2,NA,NA,NA
2009-03-01,NA,63.9,160.4,229.9,50.8,195.4,162.8,NA,150.4,NA,181,275.7,150.7,118.9,165.3,253,54.5,236.6,152.7,327.5,201.6,NA,NA,NA
2009-04-01,NA,29.7,71.5,80.8,0.8,93.1,105.8,NA,76.4,NA,33,88.7,57.4,46.6,78.1,84.8,17.3,72,85.5,121.2,122,NA,NA,NA
2009-05-01,NA,0,0,9.6,0,40.4,21.5,NA,43,NA,3.9,47.1,1.8,3.1,16.8,2.6,0.2,10.9,13,68.5,60,NA,NA,NA
2009-06-01,NA,0,0,0,0,18.6,0,NA,8.5,NA,0,0,0,0,0,0,0,0,0,4,2.3,NA,NA,NA
2009-07-01,NA,0,0,0.9,0,14.3,0,NA,12.7,NA,0,24.3,0,0,1.5,0,0,0,0,0,31.6,NA,NA,NA
2009-08-01,NA,0,0,2.7,0,9.8,0,NA,23.9,NA,14.3,25.6,1.8,0,7.5,0,0,1.3,0,16.4,27.7,NA,NA,NA
2009-09-01,NA,0,0,3,0,6.7,0,NA,37.9,NA,13.3,34.4,0,0,8.2,2.37931034482759,0,0,0,14.6,16.8,NA,NA,NA
2009-10-01,NA,2.1,73.1,59.7,1.7,93.7,14,NA,68.8,NA,34.1,110.1,61.8,13,54.2,48.4,1.4,86.5,59.2,147.2,36,NA,NA,NA
2009-11-01,NA,10,87.4,76.9,4.4,40.9,46,NA,111.6,NA,55.7,119.6,65.9,7.8,86.9,57.9,10.1,185.5,89.6,137.8,128.7,NA,NA,NA
2009-12-01,NA,12.6,51.5,94,0,110.9,93.2,NA,103.6,NA,144,260.4,52,24.3,92.4,98.2,2.5,199.8,139.7,157.9,110.3,NA,NA,NA
2010-01-01,NA,3.1,96,89,9.3,97.7,77,NA,99.4,NA,41.672131147541,133.2,90.5,35,60.1,62,8,108.1,90.9,124.9,108.2,NA,NA,NA
2010-02-01,NA,61,45.9,102.7,11.5,103.6,91.4,NA,115.6,NA,22.9,122.9,57.6,31,57.3,94.6,7.5,87.8,45.7,92.8,101.4,NA,NA,NA
2010-03-01,NA,37.6,85,122.3,0,128.9,103.6,NA,145.7,NA,52.7,193,98.9,39.8,117,144.9,14.2,167.5,106.2,180.8,123.6,NA,NA,NA
2010-04-01,NA,19.7,37.5,36.5,0,33.3,47.2,NA,66.5,NA,10.1,68.6,40.8,0,29.9,47,0.915254237288136,68.3,51,85.4,50.1,NA,NA,NA
2010-05-01,NA,1,0,0,0,22.6,0,NA,13.7,NA,0,5.1,0.4,0,0,2.8,0.2,15.5,7.6,25.3,5.4,NA,NA,NA
2010-06-01,NA,0,0,0.5,0,2.9,4.5,NA,8.4,NA,4.9,0,2.4,0,2.9,0,0,0,0,9.2,5.8,NA,NA,NA
2010-07-01,NA,0,0,0,0,12,0,NA,6.7,NA,0,0,0,0,0,0,0,0,0,2,0,NA,NA,NA
2010-08-01,NA,0,0,0.3,0,2.5,0,NA,5.2,NA,4.7,0,1.1,0,0,0,0,0,0,6.3,0,NA,NA,NA
2010-09-01,NA,1.1,3.4,29,0,32.1,19,NA,14,NA,5.3,66.5,5.7,0,13.7,5.9,0.3,12.7,4.6,37.9,12.1,NA,NA,NA
2010-10-01,NA,0,7.5,8.7,0,57.4,24.5,NA,79.4,NA,23.5,53.6,9.1,0,20.7,7.1,4.26885245901639,27.4,15.6,49.7,74.1,NA,NA,NA
2010-11-01,NA,6.5,27.8,56,0,83.7,42.4,NA,151.9,NA,49.1,104.8,28.5,0,45.7,35,8.8,76.2,44.7,92,110.2,NA,NA,NA
2010-12-01,NA,24.2,134.4,181.2,5.8,96.1,136.8,NA,128.5,NA,72.5,227.5,107.4,65.2,123.2,131.8,15.7,194.4,123,167.9,148.7,NA,NA,NA
2011-01-01,NA,40.7,163.1,163.6,27.1,102.6,146,NA,122,NA,145.2,180,108.4,62.3,145.6,123.2,12.5,NA,131.7,118.4,243.2,NA,NA,NA
2011-02-01,NA,25.4,84,92.4,2.5,91.5,57.5,NA,139.7,NA,109,135.8,44,40.6,60.9,110.4,0,NA,85.9,98.8,101.6,NA,NA,NA
2011-03-01,NA,36.4,61.1,149,10.4,126.7,131.4,NA,159.3,NA,69.6,220.7,90.4,37.7,133.4,126.2,9.5,NA,116,155,206.5,NA,NA,NA
2011-04-01,NA,25.8,48.6,102,9.3,129.3,97.5,NA,91.6,NA,56.6,47.8,51.1,33.1,63.4,119.3,11.2,NA,47.3,125.4,100.8,NA,NA,NA
2011-05-01,NA,0,0,0.6,0,10.4,0,NA,27.4,NA,5.3,45.2,0,0,5.6,0,0,NA,1.2,16.3,4.1,NA,NA,NA
2011-06-01,NA,0,0,0.7,0,0,0,NA,3.5,NA,4.6,0,0,0,0.6,0,0,0.4,0,1.2,0,NA,NA,NA
2011-07-01,NA,0,0,3,0,8.7,0,NA,11.4,NA,1.2,19.3,NA,0,NA,0.3,NA,0.3,0,16.6,16.9,NA,NA,NA
2011-08-01,NA,0,0,3.1,0,2.2,0,NA,1.4,NA,14.1,11,0,0,0,0,0,2.4,0,4.9,4,NA,NA,NA
2011-09-01,NA,0,0.8,4.6,0,30.7,0,NA,37.7,NA,25.5,38,0.2,0,6.4,0,0,31.8,0,11.6,15.6,NA,NA,NA
2011-10-01,NA,0.5,2.1,12.7,0,49.7,9,NA,74.9,NA,22.4,48.5,0.6,0,22.4,1.9,0,22.3,6.2,17.3,80,NA,NA,NA
2011-11-01,NA,7.5,41.5,84,5.5,80.5,69.5,NA,75.3,NA,22.1,115.8,35.3,16.8,79.7,51.8,13.2,121,74.4,95.2,87.5,NA,NA,NA
2011-12-01,NA,24.6,84.7,169.5,18.3,117.1,150.9,NA,135.3,NA,72.9,211.4,111.2,45.1,129.9,134,13.3,181.6,120.9,162.1,214.7,NA,NA,NA
2012-01-01,NA,19.2,36.5,104.3,5.1,87.9,115.5,NA,139.4,NA,27,126.3,69.2,22,80.4,77.8,0.9,119.4,63.1,162.2,82.2,NA,NA,NA
2012-02-01,NA,82.2,135.3,156.9,30.8,121.3,156.4,NA,224,NA,135.7,211.5,101.3,113,134.6,181.5,35.5,189,136.3,142.6,178.4,NA,NA,NA
2012-03-01,NA,70.6,143.3,149.5,31.5,90,161.3,NA,126,NA,114.6,190.2,104.9,123.1,91.5,157.5,24.6,178.2,115.7,141.3,91.3,NA,NA,NA
2012-04-01,NA,41.1,85,112.2,1.8,120.3,105.2,NA,139.5,NA,107.1,158.2,81,53.9,113.9,138.2,16.4,153.3,121.8,153.4,137.8,NA,NA,NA
2012-05-01,NA,0,0,5.2,0,21.6,17,NA,24.2,NA,4.9,35.6,5.7,0,1.8,0,0,8.7,0,15.6,8.5,NA,NA,NA
2012-06-01,NA,0,0,0.1,0,7.8,0,NA,16.1,NA,5.6,0,0,0,2.7,0,0,0,0,14.5,30.4,NA,NA,NA
2012-07-01,NA,0,0,0,0,0,0,NA,0.8,NA,0,10.4,0,0,0,0,0,0,0,0,16.3,NA,NA,NA
2012-08-01,NA,0,0,0,0,5.3,0,NA,24.8,NA,9.5,0,0,0,0,0,0,0,0,0,2.2,NA,NA,NA
2012-09-01,NA,2.1,12.3,21.7,1.6,20.5,28,NA,27.7,NA,13.1,73,15.3,5.5,34.1,10.5,0,43.3,15.4,30.8,51.1,NA,NA,NA
2012-10-01,NA,8.4,21.9,42.5,10,56.2,23.5,NA,56.5,NA,44,92.6,19.6,30.8,35.2,25.2,0.7,61.5,21.6,49.9,59.1,NA,NA,NA
2012-11-01,NA,2.9,38.8,75.9,1.5,62.8,68.3,NA,86.7,NA,80.5,111.3,44.7,14.3,46.5,41,1.1,77,55.5,NA,130.7,NA,NA,NA
2012-12-01,NA,17.1,63.7,74.1,0,123.5,104.5,NA,231.4,NA,106.8,176.1,54.2,28,89.3,74,0.9,165.6,103.8,152.1,187.4,NA,NA,NA
2013-01-01,NA,15.4,52.2,50.6,0.5,78.2,73,NA,114.6,NA,78.6,133,48,13,55.8,30.7,2.2,111.9,78.3,69.1,160.6,NA,NA,NA
2013-02-01,NA,68.3,116.9,171.3,5.7,120,159,NA,179.5,NA,82.8,140.2,134.5,141.1,88.4,195.898181818182,24.4,195.3,126.2,131.2,125.1,NA,NA,NA
2013-03-01,NA,62.3,127.2,166.1,29.8,117.7,200.8,NA,149,NA,259.676666666667,171.4,157.1,144.7,115,189,25.6,209,143.6,223.2,170.2,NA,NA,NA
2013-04-01,NA,9.7,12.5,31.9,0,55,27.5,NA,60.8,NA,14.7,36.4,20.7,3.2,21.6,5.9,0,37,37.9,74,35.2,NA,NA,NA
2013-05-01,NA,0.1,12,15.3,0,37.2,16,NA,40.2,NA,4.6,36.8,1,2.6,17.5,15.9,1.5,23.5,14.3,23.6,25.2,NA,NA,NA
2013-06-01,NA,0,0,0,0,2.8,0,NA,15.5,NA,0,11.7,0,0,0.4,0,0,0,0,1.2,15.4,NA,NA,NA
2013-07-01,NA,0,0,1.1,0,8,0,NA,27,NA,0,0,0.7,0,2.6,0,0,0,0,2,9.3,NA,NA,NA
2013-08-01,NA,0,0,2.2,0,29.4,0,NA,43.2,NA,24.6,15.2,0,0,8.5,0.6,0,6.9,3.4,12.6,13.9,NA,NA,NA
2013-09-01,NA,0,0,0.1,0,18.5,3,NA,30.7,NA,39.5,20.8,0,0,1.4,0,0,7.1,0,23.2,19.1,NA,NA,NA
2013-10-01,NA,2.4,42.6,76.3,1.1,71.8,77.5,NA,102.7,NA,136.8,113.3,62.8,20.5,80.6,33,2.2,81.9,57.3,90.4,90.9,NA,NA,NA
2013-11-01,NA,4.4,16.7,50.7,0,61.9,45.5,NA,104.6,NA,35.2,76.2,24.7,3.7,49,16.4,0,33.3,24.5,68.1,80.7,NA,NA,NA
2013-12-01,NA,6.2,72.7,95.7,0,87.4,113.5,NA,120.8,NA,20.6,135.9,62.8,10.6,75.5,60.9,0.3,119,71.3,131.1,102.1,NA,NA,NA
2014-01-01,NA,51.6,63.7,124.7,17,76.4,104.5,NA,128.9,NA,52.6,191,87.5,29.3,95.1,97,3,146.9,113.1,94,195.4,NA,NA,NA
2014-02-01,NA,30,71.3,123.7,18.2,129.4,164.9,NA,233.86,NA,46.7,208.8,76.8,39.4,125.3,95.1,12,147.3,95,176.4,158.5,NA,NA,NA
2014-03-01,NA,83.8,107.4,180.5,40.1,130.8,174.5,NA,190.1,NA,77.3,169.1,156.5,76.4,133.5,158,4.2,183.6,110.7,234.6,146.4,NA,NA,NA
2014-04-01,NA,7.3,36.6,46.2,0.8,70.4,7,NA,81,NA,112.8,68.1,35.7,15.2,29,52.4,0.4,72.2,43.2,99.9,78.6,NA,NA,NA
2014-05-01,NA,0,1,25.6,0,42.1,19.2,NA,63.1,NA,48.7,39.5,16.9,0,19.6,10.3,0,30,16.3,46.6,56,NA,NA,NA
2014-06-01,NA,0,0,0,0,2.6,0,NA,3.4,NA,0,0,0,0,0,0,0,1.5,0,4.7,16.7,NA,NA,NA
2014-07-01,NA,0,0,0,0,1.1,0,NA,12.4,NA,5.7,13.3,0,0,0,0,0,5.1,0,3.9,19.7,NA,NA,NA
2014-08-01,NA,0,0,0.8,0,0,0,NA,4.4,NA,22.9,20.8,2.1,0,1.8,0,0,2.5,0,3.5,8,NA,NA,NA
2014-09-01,NA,1.1,1.5,12.6,0,35.6,0,NA,76.7,NA,37,56.2,14.9,1.6,15.5,3.1,0,30.4,6.5,23.9,33.8,NA,NA,NA
2014-10-01,NA,3.4,3.2,23.8,0,79.5,0,NA,61.2,NA,83.3,88,15.6,0,50.6,4.9,4.4,60.4,35.1,41.8,49.7,NA,NA,NA
2014-11-01,NA,16.5,31,56.7,0,63.9,0,NA,70.2,NA,33.1,65.8,32.9,27.6,37.9,53.6,0,60.7,24.9,51.4,109.5,NA,NA,NA
2014-12-01,NA,7.1,103.8,125,11.1,97.8,66.9,NA,158.4,NA,148,134,107,46.8,135.1,123,9.2,183.7,93.9,215.2,190.2,NA,NA,NA
2015-01-01,NA,23.1,88.7,121.9,15.5,132.4,71.9,NA,150.7,NA,66.2,161.8,96.7,72.5,102,172.2,5.8,239.9,110.2,146.1,206.7,NA,NA,NA
2015-02-01,NA,38.1,67.3,74.7,16.2909090909091,73,12.1,NA,120.8,NA,101.2,135.6,78.8,74.3,62.5,143.6,10,125.6,82.9,82.4,152.930909090909,NA,NA,NA
2015-03-01,NA,160.3,135.8,125.7,10.3672131147541,120.6,71.9,NA,113.2,NA,152.7,201.9,255.2,172,69.5,205.9,34.9,182.6,92.5,183.4,180.613114754098,NA,NA,NA
2015-04-01,NA,8.2,52.4,57.2,0,61,31,NA,81.8,NA,63.7,111.7,132.1,37.4,48.9,70.4,1.2,109.6,69.3,103,172.7,NA,NA,NA
2015-05-01,NA,0,4.8,16.9,0,83.8,29.4,NA,104,NA,49.5,62.3,55.7,0,6.6,0.6,0,52.9,8.7,34.1,44.5,NA,NA,NA
2015-06-01,NA,0,0,0.8,0,9.3,0,NA,4.7,NA,15.7,4,9.1,0,3.4,0,0,1.3,0,2,10.6779661016949,NA,NA,NA
2015-07-01,NA,0,0,0.1,0,1.4,0,NA,4,NA,0,0,0,0,0,0,0,1.2,0,2.4,0,NA,NA,NA
2015-08-01,NA,0,4.5,2.3,0,6.7,0,NA,5.3,NA,15.1,9.3,4.9,0,7.7,5.79344262295082,0,3.8,0,2.5,NA,NA,NA,NA
2015-09-01,NA,0,0,1.6,0.2,32.9,0,NA,17.5,NA,35.3,10.3,1.2,3.2,2.8,0,0,4.4,0,21.2,NA,NA,NA,NA
2015-10-01,NA,4.7,19.6,26.7,8,56.6,0,NA,54.6,NA,8.6,67.6,28.5,3.8,22.6,6.3,0,32,8.2,38.6,NA,NA,NA,NA
2015-11-01,NA,2.5,12.6,31.1,1,108.4,19,NA,106.5,NA,17.2,126.2,114.3,7.1,50,20.3,0,34.4,4.4,89.1,NA,NA,NA,NA
2015-12-01,NA,8.4,50.6,113,20,88,43,NA,106.8,NA,76.1,156.8,234,49.7,82.8,82.1,0.4,138.9,85.7,81.2,NA,NA,NA,NA
2016-01-01,NA,17.4,25.7,35.3,9.4,45,9,NA,91,NA,47.1,50.1,56.4,14,25.8,42.4,6.1,98.1,50,51.3,94.5,NA,NA,NA
2016-02-01,NA,33.6,63.3,147,22,114.3,64.1,NA,151.5,NA,86.2,135.5,222.6,55.8,94.4,143.6,11.8,172,125.7,156,108.8,NA,NA,NA
2016-03-01,NA,42.6,71.3,87.1,11.6,82.4,72,NA,78.7,NA,27.7,152.9,194.8,50.5,88.3,136.5,6.1,156.5,39.1,130.7,82.5311475409836,NA,NA,NA
2016-04-01,NA,17.8,20.3,57.9,0,63.5,74.2,NA,124.5,NA,38.7,80.5,88.7,20.2,36.7,39.2,0.4,74.1,10.1,52.8,45.1,NA,NA,NA
2016-05-01,NA,0,0,7.5,0,10,0,NA,18.4,NA,8.3,14,11.2,0,1.1,0,0,1.5,0,16.8,6.3,NA,NA,NA
2016-06-01,NA,0,0,0.8,0,4.7,0,NA,2.7,NA,5.5,16.4,0,0,1,0,0,0,0,0,6.3,NA,NA,NA
2016-07-01,NA,0,0,0,0,2.3,0,NA,0.7,NA,0,9.8,0,0,1.6,0,0,0,0,0,16.3,NA,NA,NA
2016-08-01,NA,0,0,0.3,0,5.9,0,NA,38.5,NA,0,2.2,0,0,4,0,0,0,0,2.4,26,NA,NA,NA
2016-09-01,NA,2.8,12,18.9,0,27.4,4,NA,25.3,NA,26.2,60.5,8.6,7.2,15,4.7,0,19.1,12.4,46.9,38.4,NA,NA,NA
2016-10-01,NA,0,0,11.9,0,74.1,8.2,NA,92,NA,62.2,66.3,5.7,0,29.4,0,0,23.2,9.3,65.4,66.9,NA,NA,NA
2016-11-01,NA,0,0,0,0,23.5,0,NA,72.8,NA,0,3.7,0,0,5.6,0,0,0,0,8.4,30.2,NA,NA,NA
2016-12-01,NA,6.9,24.7,81.7,19.5,105.3,66.6,NA,105,NA,17.1,133.6,93.1,40.8,84.9,49,4.4,110.2,66.3,144.7,148.4,NA,NA,NA
2017-01-01,NA,132.9,123.8,191.5,84,132.3,142.1,NA,141.8,NA,111.2,198.6,183.4,127.9,130,205.3,29.3,190.1,64.5,117.5,232.4,NA,NA,NA
2017-02-01,NA,106.6,140,218.5,64.6,88.2,132.4,NA,118.9,NA,243.3,178.3,279.9,164.2,128.3,303.5,44.7,197.3,139.4,191.2,131.141818181818,NA,NA,NA
2017-03-01,NA,254.8,190.7,295.3,93,156.9,294.4,NA,149.2,NA,169.8,246.9,465.3,259.9,181.4,388.1,94.5,269.6,170.4,292.8,283,NA,NA,NA
2017-04-01,NA,17.5,9,77.8,0,98.8,43.9,NA,75,NA,59.1,123.6,82.9,18.2,60.5,61.4,1,53.4,38,177.9,114,NA,NA,NA
2017-05-01,NA,0,2,41.5,0,29.8,52.1,NA,39.9,NA,136.9,47.3,43.9,0,32.6,3.8,2,41.5,17.5,73.1,70.9,NA,NA,NA
2017-06-01,NA,0,0,1.6,0,10.4,0,NA,18.8,NA,0,0,3,0,0.4,0,0,0,0,4.4,22.1694915254237,NA,NA,NA
2017-07-01,NA,0,0,0,0,0.9,0,NA,4,NA,0,0,0,0,0,0,0,0,0,0,6.1,NA,NA,NA
2017-08-01,NA,0,0,0.1,0,8.1,0,NA,23.1,NA,13.7,5.6,0,0,2.7,0,0,0,0,3.9,22.3,NA,NA,NA
2017-09-01,NA,0,9.5,5.3,0,16.1,18.2,NA,14.7,NA,25,22.9,13.9,0,6.4,2.9,0,8.1,0,33.1,119.2,NA,NA,NA
2017-10-01,NA,3.9,27.5,45.6,1.4,54.7,35.7,NA,64,NA,48.9,56.9,29.6,13.6,36.9933333333333,23.4,0.9,84.7,47.5,82.7,74.8,NA,NA,NA
2017-11-01,NA,2.7,9,14.2,0.6,64.6,0,NA,125.7,NA,26.9,59.5,16.7,7.2,20.1,9.9,1.8,23.2,7.4,47.8,115,NA,NA,NA
2017-12-01,NA,1.2,20.1,50.5,2.4,72.8,74,NA,140.9,NA,40.1,137.3,52.2,0,52.3,33.7,0.6,80.4,45.8,156.9,128.8,NA,NA,NA
2018-01-01,NA,40,75.5,139.6,16.9,131.3,112.7,NA,177.6,NA,90.7,148.1,171.3,82,108.5,78.2,7.6,172.3,54.5,181.1,171.5,NA,NA,NA
2018-02-01,NA,38.7,44.5,73.6,22.9,63.9,92.5,NA,124,NA,49.5,111.2,68.5,41.8,82,73.7,3.2,126.3,79.9,94.7,235.8,NA,NA,NA
2018-03-01,NA,42.6,60.7,209.7,14.4,128.3,116.2,NA,132.1,NA,111.8,172.7,313.3,64.4,120.3,179,14.5,177.9,107.6,248.7,158.8,NA,NA,NA
2018-04-01,NA,35.2,16.6,78.3,2.3,102.5,48.4,NA,88.2,NA,56.7,143.1,133,47.3,65,80.1,3.6,70,42.3,152.5,123.7,NA,NA,NA
2018-05-01,NA,3.1,0,19.2,0.6,42,2,NA,50.1,NA,18.6,37,44,0,8.6,9.2,0.2,29.6,2,57.6,37.1,NA,NA,NA
2018-06-01,NA,2.7,4,4.4,0.4,13.2,0,NA,2.6,NA,11.2,16.7,1.8,0,3.3,4.2,0,3.2,0,7.5,30.5,NA,NA,NA
2018-07-01,NA,0,0,0.1,0,6.6,0,NA,6.6,NA,12,6.6,0,0,1,0,0,0.7,0,0,19.4,NA,NA,NA
2018-08-01,NA,0,0,0,0,6.2,NA,NA,14.3,NA,2.8,15.4,0,0,0,0,0,1.9,0,5.5,NA,NA,NA,NA
2018-09-01,NA,0,0,4.5,0,30,NA,NA,49.5,NA,5.9,28.8,0,0,10,1.7,0,8.1,2,17.2,NA,NA,NA,NA
2018-10-01,NA,2,13.4,27.2,0.6,100.8,12,NA,113.5,NA,27.1,86.9,43.2,12.2,35.1,18.6,0,38.7,24.8,77.1,NA,NA,NA,NA
2018-11-01,NA,1.2,8.2,35.7,4.5,54.7,22.3,NA,74.2,NA,5,81.8,51.6,0,33.6,27.4,0.8,40.2,30.2,111.4,91.5,NA,NA,NA
2018-12-01,NA,0.5,47,73.6,1.8,82.9,20.6,NA,80.2,NA,31.4,83.8,53.2,8.5,88.2,34.4,4.4,53.9,38,116.4,156.422950819672,NA,NA,NA
2019-01-01,NA,42.7,109.6,141.3,8.6,129.2,137.8,NA,156.9,NA,72.2,177,160,66.8,153.7,147.5,23.4,166.4,72.3,127.9,166.7,NA,NA,NA
2019-02-01,NA,76.9,116,166.8,46.8,147.2,97.5,NA,171.2,NA,60.2,188.9,169.2,125.9,115.2,211.3,47.1,183.9,102.2,180.3,163.825454545455,NA,NA,NA
2019-03-01,NA,31,92.9,136.9,4.1,158.4,193.9,NA,157,NA,67.8,181.2,157.4,46.6,98.6,145.6,2.9,148.3,76.3,161.5,144.7,NA,NA,NA
2019-04-01,NA,4.9,21.4,27.3,0,52.7,46.3,NA,55.2,NA,30.1,102.8,40,0,38,48.6,0.6,28,16,75.1,40.3,NA,NA,NA
2019-05-01,NA,0.7,0,6.4,0,24,9.2,NA,14.6,NA,3.8,23.9,12.9,0,13.6,6.8,0,10.1,2,26.5,19.8,NA,NA,NA
2019-06-01,NA,0,0,2,0,13.6,0,NA,13.2,NA,5.1,6.4,0,0,3.3,0,0,0.5,0,11.3,6,NA,NA,NA
2019-07-01,NA,0,0,0.813114754098361,0,2.3,0,NA,4.8,NA,0,15.6,0,0,1.82950819672131,0,0,0,0,1.62622950819672,3.1,NA,NA,NA
2019-08-01,NA,0,0,0,0,1,0,NA,0,NA,9.3,0,0,0,0,0,0,0,0,0,4.2,NA,NA,NA
2019-09-01,NA,2.8,0,39.3,0.8,42.2,3.2,NA,17.2,NA,43.8,46,9.1,19.2,12.6,3.8,0,28.6,9,23.3,20.7,NA,NA,NA
2019-10-01,NA,2.5,6.5,15.4,0,70.2,16.1,NA,74.2,NA,38.3,60.5,31.9,16.6,30.6,10.4,0,45.3,20.3,49.5,34,NA,NA,NA
2019-11-01,NA,0.2,17.1,30.6,0,60.8,26.8,NA,111.2,NA,71.2,97.2,24.9,0,31.4,14.1,0,62.6,46.4,88,55.6,NA,NA,NA
2019-12-01,NA,9.9,80.1,129.7,0.7,109,148.7,NA,240.5,NA,49.3,258.6,172.7,17.5,115.3,101.3,16.6,215,81.6,217.4,161,NA,NA,NA
2020-01-01,NA,53.3,25.1,79.9,3,54.5,44.6,NA,99.6,NA,78.2,104,108.1,37.5,47.2,107.3,5,131.1,45.5,86.4,69.3,NA,NA,NA
2020-02-01,NA,25.7,52.8,96.7,9,61.2,103.8,NA,74,NA,64.6140350877193,65.1,142.8,44.7,78.2,92.5,7.93684210526316,110.9,36.2245614035088,102,88.3,NA,NA,NA
2020-03-01,NA,NA,56.9180327868852,NA,NA,NA,NA,NA,91.2,NA,NA,57.6295081967213,116.275409836066,59.5606557377049,NA,NA,NA,157.439344262295,NA,NA,78.8,NA,NA,NA
2020-04-01,NA,NA,NA,NA,NA,NA,NA,NA,27.3559322033898,NA,NA,NA,NA,NA,NA,NA,NA,NA,NA,NA,22,NA,NA,NA
2020-05-01,NA,NA,NA,NA,NA,NA,NA,NA,51.6,NA,NA,NA,NA,NA,NA,NA,NA,NA,NA,NA,68.2,NA,NA,NA
2020-06-01,NA,NA,NA,NA,NA,NA,NA,NA,11.8,NA,NA,NA,NA,NA,NA,NA,NA,NA,NA,NA,3.2,NA,NA,NA
2020-07-01,NA,NA,NA,NA,NA,NA,NA,NA,15.6,NA,NA,NA,NA,NA,NA,NA,NA,NA,NA,NA,13.6,NA,NA,NA
2020-08-01,NA,NA,NA,NA,NA,NA,0,NA,20.7,NA,NA,NA,1,0,NA,NA,NA,0.2,NA,NA,0,NA,NA,NA
2020-09-01,NA,NA,NA,5.8,NA,NA,6.2,NA,27.5,NA,NA,NA,8.6,3.2,NA,NA,NA,19.1,NA,NA,28.1694915254237,NA,NA,NA
2020-10-01,NA,NA,NA,21.6,NA,NA,14,NA,52.6,NA,NA,NA,51.2,0,14.1,NA,NA,25.7,NA,NA,35.2,NA,NA,NA
2020-11-01,NA,NA,NA,27.8,NA,NA,27.5,NA,58.4,NA,NA,NA,20.8,17.7,29.7,NA,NA,64.9,NA,NA,51,NA,NA,NA
2020-12-01,NA,NA,NA,211.9,NA,NA,133.8,NA,141.7,NA,NA,NA,212.4,101.3,165.570491803279,NA,NA,190.2,NA,NA,84.8,NA,NA,NA
2021-01-01,NA,NA,NA,255.4,NA,NA,146.7,NA,180.9,NA,63.5245901639344,NA,297.8,109,NA,NA,NA,226.9,NA,NA,155.5,NA,NA,NA
2021-02-01,NA,NA,NA,36.8,NA,NA,74,NA,62.9,NA,NA,NA,68,8.8,NA,NA,NA,56.9,NA,NA,51,NA,NA,NA
2021-03-01,NA,NA,NA,181.4,NA,NA,126.9,NA,156,NA,NA,NA,251.7,100.5,NA,NA,NA,218.7,NA,NA,109.9,NA,NA,NA
2021-04-01,NA,NA,NA,48.1016949152542,NA,NA,57.6610169491525,NA,85.2,NA,30.7118644067797,NA,128.2,30.5,NA,NA,NA,59.6,NA,NA,75.1,NA,NA,NA
2021-05-01,NA,NA,NA,NA,NA,NA,NA,NA,19.2,NA,NA,NA,0,0,NA,NA,NA,6.7,NA,NA,16.1,NA,NA,NA
2021-06-01,NA,NA,NA,NA,NA,NA,NA,NA,11.3,NA,0,NA,0,0,NA,NA,NA,0,NA,NA,35.7,NA,NA,NA
2021-07-01,NA,NA,NA,NA,NA,NA,NA,NA,5,NA,NA,NA,0,0,NA,NA,NA,0,NA,NA,3.5,NA,NA,NA
2021-08-01,NA,NA,NA,NA,NA,NA,NA,NA,15.8,NA,NA,NA,1.3,0,NA,NA,NA,9.9,NA,NA,7.8,NA,NA,NA
2021-09-01,NA,NA,NA,NA,NA,NA,NA,NA,53,NA,NA,NA,2.1,1,NA,NA,NA,20.4,NA,NA,34.6,NA,NA,NA
2021-10-01,NA,NA,NA,NA,NA,NA,NA,NA,71.2,NA,NA,NA,107,29.4,NA,NA,NA,77.4,NA,NA,7.8,NA,NA,NA
2021-11-01,NA,NA,NA,NA,NA,NA,NA,NA,134.5,NA,82.5,NA,66.9,14.2,NA,NA,NA,71.2,NA,NA,93.3,NA,NA,NA
2021-12-01,NA,NA,NA,NA,NA,NA,NA,NA,89.544262295082,NA,46.6524590163934,NA,91.3737704918033,28.3573770491803,NA,NA,NA,77.9573770491803,NA,NA,76.7377049180328,NA,NA,NA
